0.39,17.84,0.00,-10.35,-2.90
-0.62,17.74,0.00,-10.29,-2.90
-0.65,17.74,0.00,-10.29,-2.90
-0.53,17.74,0.00,-10.29,-2.90
0.49,-18.96,0.00,11.00,-2.53
0.49,-19.07,0.00,11.06,-2.53
0.32,-19.07,0.00,11.06,-2.53
0.41,-19.28,0.00,11.18,-2.53
0.47,-19.28,0.00,11.18,-2.53
0.38,-19.28,0.00,11.18,-2.53
0.17,-19.28,0.00,11.18,-2.53
0.12,-19.28,0.00,11.18,-2.53
-0.02,-19.28,0.00,11.18,-2.53
0.03,-19.28,0.00,11.18,-2.53
0.07,-19.28,0.00,11.18,-2.53
-0.13,-19.70,0.00,11.43,-2.53
-0.16,-19.70,0.00,11.43,-2.53
-0.30,-19.70,0.00,11.43,-2.53
-0.23,-19.70,0.00,11.43,-2.53
-0.41,-19.92,0.00,11.55,-2.53
-0.43,-19.92,0.00,11.55,-2.53
-0.49,-20.13,0.00,11.68,-2.53
-0.42,-20.13,0.00,11.68,-2.53
-0.57,-20.34,0.00,11.80,-2.53
-0.69,-20.34,0.00,11.80,-2.53
-0.87,-20.34,0.00,11.80,-2.53
-0.93,-20.34,0.00,11.80,-2.53
-1.01,-20.45,0.00,11.86,-2.53
-1.00,-20.45,0.00,11.86,-2.53
-1.01,-20.56,0.00,11.92,-2.52
-1.23,-20.56,0.00,11.92,-2.52
-1.19,-20.56,0.00,11.92,-2.52
-1.06,-20.56,0.00,11.92,-2.52
-1.43,-20.66,0.00,11.98,-2.52
-1.43,-20.66,0.00,11.98,-2.52
-1.30,-20.87,0.00,12.11,-2.52
-1.35,-20.87,0.00,12.11,-2.52
-1.59,-20.87,0.00,12.11,-2.51
-1.52,-20.87,0.00,12.11,-2.51
-1.54,-21.09,0.00,12.23,-2.51
-1.55,-21.09,0.00,12.23,-2.51
-1.66,-21.19,0.00,12.29,-2.51
-1.70,-21.19,0.00,12.29,-2.51
-1.72,-21.19,0.00,12.29,-2.50
-1.59,-21.19,0.00,12.29,-2.50
-1.79,-21.19,0.00,12.29,-2.50
-1.74,-21.19,0.00,12.29,-2.50
-1.73,-21.19,0.00,12.29,-2.50
-1.68,-21.19,0.00,12.29,-2.50
-1.82,-21.41,0.00,12.42,-2.49
-1.66,-21.41,0.00,12.42,-2.49
-1.55,-21.30,0.00,12.35,-2.49
-1.65,-21.30,0.00,12.35,-2.49
-1.42,-21.30,0.00,12.35,-2.49
-1.70,-21.30,0.00,12.35,-2.49
-1.45,-21.30,0.00,12.35,-2.48
-1.22,-21.30,0.00,12.35,-2.48
-1.41,-21.19,0.00,12.29,-2.48
-1.27,-21.19,0.00,12.29,-2.48
-1.28,-21.30,0.00,12.35,-2.48
-1.13,-21.30,0.00,12.35,-2.48
-1.06,-21.19,0.00,12.29,-2.48
-1.06,-21.19,0.00,12.29,-2.48
-0.93,-21.09,0.00,12.23,-2.48
-0.86,-20.88,0.00,12.11,-2.47
-0.81,-20.88,0.00,12.11,-2.47
-0.70,-20.88,0.00,12.11,-2.47
-0.50,-20.77,0.00,12.05,-2.47
-0.44,-20.66,0.00,11.98,-2.47
-0.42,-20.66,0.00,11.98,-2.47
-0.16,-20.56,0.00,11.92,-2.47
-0.19,-20.56,0.00,11.92,-2.47
-0.04,-20.56,0.00,11.92,-2.47
-0.01,-20.56,0.00,11.92,-2.47
0.11,-20.24,0.00,11.74,-2.47
0.18,-20.24,0.00,11.74,-2.47
0.21,-20.13,0.00,11.68,-2.47
0.35,-20.13,0.00,11.68,-2.47
0.46,-19.92,0.00,11.55,-2.47
0.48,-19.92,0.00,11.55,-2.47
0.59,-19.71,0.00,11.43,-2.47
0.67,-19.71,0.00,11.43,-2.47
0.81,-19.49,0.00,11.31,-2.48
0.80,-19.49,0.00,11.31,-2.48
0.99,-19.17,0.00,11.12,-2.48
1.04,-19.17,0.00,11.12,-2.48
1.26,-18.86,0.00,10.94,-2.48
1.18,-18.86,0.00,10.94,-2.48
1.25,-18.75,0.00,10.87,-2.48
1.25,-18.75,0.00,10.87,-2.48
1.18,-18.22,0.00,10.57,-2.48
1.20,-18.22,0.00,10.57,-2.49
1.19,-18.01,0.00,10.44,-2.49
1.25,-18.01,0.00,10.44,-2.49
1.38,-17.79,0.00,10.32,-2.49
1.34,-17.79,0.00,10.32,-2.49
1.39,-17.47,0.00,10.13,-2.49
1.47,-17.47,0.00,10.13,-2.49
1.41,-17.05,0.00,9.89,-2.49
1.48,-17.05,0.00,9.89,-2.50
1.70,-16.73,0.00,9.70,-2.50
1.54,-16.73,0.00,9.70,-2.50
1.63,-16.09,0.00,9.33,-2.50
1.71,-16.09,0.00,9.33,-2.50
1.72,-15.77,0.00,9.15,-2.50
1.71,-15.77,0.00,9.15,-2.51
1.72,-15.45,0.00,8.96,-2.51
1.74,-15.45,0.00,8.96,-2.51
1.76,-15.13,0.00,8.78,-2.51
1.60,-15.13,0.00,8.78,-2.51
1.69,-14.92,0.00,8.65,-2.51
1.87,-14.92,0.00,8.65,-2.52
1.66,-14.92,0.00,8.65,-2.52
1.42,-14.92,0.00,8.65,-2.52
1.68,-14.60,0.00,8.47,-2.52
1.76,-14.60,0.00,8.47,-2.52
1.78,-14.28,0.00,8.28,-2.52
1.66,-14.28,0.00,8.28,-2.53
1.66,-14.28,0.00,8.28,-2.53
1.66,-14.28,0.00,8.28,-2.53
1.72,-13.85,0.00,8.04,-2.53
1.66,-13.85,0.00,8.04,-2.53
1.62,-13.86,0.00,8.04,-2.53
1.72,-13.86,0.00,8.04,-2.54
1.55,-13.54,0.00,7.85,-2.54
1.65,-13.54,0.00,7.85,-2.54
1.63,-13.32,0.00,7.73,-2.54
1.66,-13.32,0.00,7.73,-2.54
1.70,-13.11,0.00,7.60,-2.54
1.63,-13.11,0.00,7.60,-2.55
1.75,-13.00,0.00,7.54,-2.55
1.58,-13.00,0.00,7.54,-2.55
1.73,-13.11,0.00,7.60,-2.55
1.70,-13.11,0.00,7.60,-2.55
1.75,-12.79,0.00,7.42,-2.56
1.75,-12.79,0.00,7.42,-2.56
1.83,-12.79,0.00,7.42,-2.56
1.72,-12.79,0.00,7.42,-2.56
1.60,-12.68,0.00,7.36,-2.56
1.61,-12.37,0.00,7.17,-2.56
1.71,-12.37,0.00,7.17,-2.57
1.65,-12.37,0.00,7.17,-2.57
1.74,-12.26,0.00,7.11,-2.57
1.72,-12.26,0.00,7.11,-2.57
1.51,-11.94,0.00,6.92,-2.57
1.60,-12.05,0.00,6.99,-2.57
1.48,-12.05,0.00,6.99,-2.57
1.53,-12.05,0.00,6.99,-2.58
1.51,-11.94,0.00,6.92,-2.58
1.40,-11.83,0.00,6.86,-2.58
1.26,-11.83,0.00,6.86,-2.58
1.12,-11.83,0.00,6.86,-2.58
1.18,-11.83,0.00,6.86,-2.58
1.13,-11.94,0.00,6.92,-2.58
1.08,-11.94,0.00,6.92,-2.59
1.03,-11.83,0.00,6.86,-2.59
0.79,-11.83,0.00,6.86,-2.59
0.86,-11.83,0.00,6.86,-2.59
0.77,-11.83,0.00,6.86,-2.59
0.80,-11.94,0.00,6.92,-2.59
0.57,-11.94,0.00,6.92,-2.59
0.54,-11.94,0.00,6.92,-2.59
0.33,-11.94,0.00,6.92,-2.59
0.16,-11.94,0.00,6.92,-2.59
0.21,-11.94,0.00,6.92,-2.59
0.07,-12.04,0.00,6.99,-2.59
0.00,-12.04,0.00,6.99,-2.59
-0.09,-12.15,0.00,7.05,-2.59
-0.27,-12.15,0.00,7.05,-2.59
-0.27,-12.47,0.00,7.23,-2.59
-0.40,-12.47,0.00,7.23,-2.59
-0.31,-12.58,0.00,7.29,-2.59
-0.43,-12.58,0.00,7.29,-2.59
-0.78,-12.68,0.00,7.36,-2.59
-0.57,-12.68,0.00,7.36,-2.59
-0.67,-12.68,0.00,7.36,-2.59
-0.92,-12.68,0.00,7.36,-2.59
-0.77,-12.90,0.00,7.48,-2.59
-0.92,-12.90,0.00,7.48,-2.58
-0.96,-12.90,0.00,7.48,-2.58
-1.06,-12.90,0.00,7.48,-2.58
-0.80,-12.90,0.00,7.48,-2.58
-0.94,-12.90,0.00,7.48,-2.58
-1.07,-13.00,0.00,7.54,-2.58
-0.87,-13.00,0.00,7.54,-2.58
-1.00,-13.11,0.00,7.60,-2.58
-1.09,-13.11,0.00,7.60,-2.58
-1.05,-13.00,0.00,7.54,-2.58
-0.97,-13.00,0.00,7.54,-2.58
-0.78,-12.90,0.00,7.48,-2.57
-0.76,-12.90,0.00,7.48,-2.57
-0.92,-12.90,0.00,7.48,-2.57
-0.81,-12.90,0.00,7.48,-2.57
-0.61,-12.90,0.00,7.48,-2.57
-0.74,-12.90,0.00,7.48,-2.57
-0.63,-12.79,0.00,7.42,-2.57
-0.54,-12.79,0.00,7.42,-2.57
-0.51,-12.58,0.00,7.30,-2.57
-0.38,-12.58,0.00,7.30,-2.57
-0.42,-12.26,0.00,7.11,-2.57
-0.18,-12.26,0.00,7.11,-2.57
-0.24,-12.37,0.00,7.17,-2.57
-0.16,-12.37,0.00,7.17,-2.57
-0.08,-12.15,0.00,7.05,-2.57
0.05,-12.15,0.00,7.05,-2.57
0.03,-11.94,0.00,6.93,-2.57
0.14,-11.94,0.00,6.93,-2.57
0.38,-11.94,0.00,6.93,-2.57
0.35,-11.94,0.00,6.93,-2.57
0.46,-11.94,0.00,6.93,-2.57
0.48,-11.94,0.00,6.93,-2.57
0.68,-11.73,0.00,6.80,-2.57
0.62,-11.73,0.00,6.80,-2.57
0.72,-11.73,0.00,6.80,-2.57
0.67,-11.73,0.00,6.80,-2.57
0.72,-11.52,0.00,6.68,-2.57
0.83,-11.52,0.00,6.68,-2.57
0.77,-11.30,0.00,6.56,-2.57
0.99,-11.30,0.00,6.56,-2.58
1.01,-11.41,0.00,6.62,-2.58
1.08,-11.20,0.00,6.49,-2.58
1.05,-11.20,0.00,6.49,-2.58
1.13,-11.20,0.00,6.49,-2.58
1.18,-10.98,0.00,6.37,-2.58
1.30,-10.88,0.00,6.31,-2.58
1.18,-10.88,0.00,6.31,-2.58
1.17,-10.66,0.00,6.19,-2.58
1.39,-10.66,0.00,6.19,-2.59
1.41,-10.66,0.00,6.19,-2.59
1.43,-10.45,0.00,6.06,-2.59
1.44,-10.24,0.00,5.94,-2.59
1.57,-10.24,0.00,5.94,-2.59
1.31,-9.92,0.00,5.75,-2.59
1.35,-9.92,0.00,5.75,-2.59
1.46,-9.81,0.00,5.69,-2.60
1.37,-9.81,0.00,5.69,-2.60
1.50,-9.49,0.00,5.51,-2.60
1.54,-9.49,0.00,5.51,-2.60
1.52,-9.28,0.00,5.38,-2.60
1.37,-9.28,0.00,5.38,-2.60
1.60,-8.96,0.00,5.20,-2.60
1.57,-8.96,0.00,5.20,-2.61
1.58,-8.75,0.00,5.07,-2.61
1.62,-8.75,0.00,5.07,-2.61
1.69,-8.43,0.00,4.89,-2.61
1.64,-8.43,0.00,4.89,-2.61
1.74,-7.90,0.00,4.58,-2.61
1.66,-7.90,0.00,4.58,-2.62
1.60,-8.01,0.00,4.64,-2.62
1.58,-8.01,0.00,4.64,-2.62
1.49,-7.69,0.00,4.46,-2.62
1.61,-7.69,0.00,4.46,-2.62
1.72,-7.47,0.00,4.33,-2.62
1.73,-7.47,0.00,4.33,-2.63
1.68,-7.15,0.00,4.15,-2.63
1.56,-7.15,0.00,4.15,-2.63
1.69,-6.94,0.00,4.03,-2.63
1.60,-6.94,0.00,4.03,-2.63
1.53,-6.94,0.00,4.03,-2.63
1.75,-6.94,0.00,4.03,-2.64
1.61,-6.73,0.00,3.90,-2.64
1.57,-6.73,0.00,3.90,-2.64
1.58,-6.73,0.00,3.90,-2.64
1.65,-6.73,0.00,3.90,-2.64
1.72,-6.62,0.00,3.84,-2.64
1.64,-6.62,0.00,3.84,-2.65
1.66,-6.30,0.00,3.66,-2.65
1.51,-6.30,0.00,3.66,-2.65
1.51,-6.30,0.00,3.66,-2.65
1.57,-6.30,0.00,3.66,-2.65
1.47,-6.09,0.00,3.53,-2.65
1.45,-6.09,0.00,3.53,-2.65
1.39,-6.09,0.00,3.53,-2.66
1.49,-6.09,0.00,3.53,-2.66
1.49,-6.09,0.00,3.53,-2.66
1.31,-6.09,0.00,3.53,-2.66
1.36,-6.09,0.00,3.53,-2.66
1.33,-6.09,0.00,3.53,-2.66
1.38,-6.09,0.00,3.53,-2.66
1.12,-6.09,0.00,3.53,-2.67
1.42,-6.09,0.00,3.53,-2.67
1.37,-6.09,0.00,3.53,-2.67
1.19,-5.98,0.00,3.47,-2.67
1.05,-5.98,0.00,3.47,-2.67
1.18,-5.88,0.00,3.41,-2.67
1.02,-5.88,0.00,3.41,-2.67
0.99,-5.98,0.00,3.47,-2.67
0.88,-5.98,0.00,3.47,-2.67
1.01,-5.98,0.00,3.47,-2.68
0.87,-5.98,0.00,3.47,-2.68
0.97,-6.09,0.00,3.53,-2.68
0.87,-6.09,0.00,3.53,-2.68
0.80,-6.09,0.00,3.53,-2.68
0.86,-6.09,0.00,3.53,-2.68
0.71,-5.98,0.00,3.47,-2.68
0.62,-5.98,0.00,3.47,-2.68
0.59,-5.98,0.00,3.47,-2.68
0.42,-5.98,0.00,3.47,-2.68
0.32,-5.98,0.00,3.47,-2.68
0.35,-5.98,0.00,3.47,-2.68
0.31,-5.98,0.00,3.47,-2.68
0.27,-5.77,0.00,3.35,-2.68
0.24,-5.77,0.00,3.35,-2.68
0.13,-5.77,0.00,3.35,-2.68
0.31,-5.77,0.00,3.35,-2.68
0.19,-5.77,0.00,3.35,-2.68
0.05,-5.77,0.00,3.35,-2.68
-0.01,-5.77,0.00,3.35,-2.68
-0.08,-5.77,0.00,3.35,-2.68
0.07,-5.88,0.00,3.41,-2.68
0.03,-5.88,0.00,3.41,-2.68
-0.13,-5.98,0.00,3.47,-2.68
-0.06,-5.98,0.00,3.47,-2.68
-0.08,-5.88,0.00,3.41,-2.68
-0.03,-5.88,0.00,3.41,-2.68
-0.06,-5.88,0.00,3.41,-2.68
-0.22,-5.88,0.00,3.41,-2.68
-0.36,-5.98,0.00,3.47,-2.68
-0.27,-5.98,0.00,3.47,-2.68
-0.15,-6.30,0.00,3.66,-2.68
-0.29,-6.30,0.00,3.66,-2.68
-0.39,-6.20,0.00,3.59,-2.68
-0.35,-6.20,0.00,3.59,-2.68
-0.31,-6.30,0.00,3.66,-2.68
-0.26,-6.30,0.00,3.66,-2.68
-0.26,-6.30,0.00,3.66,-2.68
-0.39,-6.30,0.00,3.66,-2.68
-0.40,-6.30,0.00,3.66,-2.68
-0.42,-6.30,0.00,3.66,-2.68
-0.43,-6.30,0.00,3.66,-2.68
-0.30,-6.30,0.00,3.66,-2.68
-0.30,-6.30,0.00,3.66,-2.68
-0.21,-6.30,0.00,3.66,-2.68
-0.45,-6.30,0.00,3.66,-2.68
-0.20,-6.30,0.00,3.66,-2.68
-0.05,-5.98,0.00,3.47,-2.68
-0.25,-5.98,0.00,3.47,-2.68
-0.15,-6.20,0.00,3.59,-2.68
-0.05,-6.20,0.00,3.59,-2.68
-0.11,-6.09,0.00,3.53,-2.68
-0.05,-6.09,0.00,3.53,-2.68
-0.02,-5.98,0.00,3.47,-2.68
0.12,-5.98,0.00,3.47,-2.68
-0.06,-5.67,0.00,3.29,-2.68
0.10,-5.67,0.00,3.29,-2.68
-0.04,-5.45,0.00,3.16,-2.68
0.07,-5.45,0.00,3.16,-2.68
0.17,-5.56,0.00,3.22,-2.68
0.13,-5.56,0.00,3.22,-2.68
0.24,-5.35,0.00,3.10,-2.68
0.32,-5.35,0.00,3.10,-2.68
0.38,-5.24,0.00,3.04,-2.68
0.63,-5.24,0.00,3.04,-2.68
0.66,-4.92,0.00,2.85,-2.68
0.79,-4.92,0.00,2.85,-2.68
0.78,-4.92,0.00,2.85,-2.68
0.77,-4.92,0.00,2.85,-2.68
0.83,-4.50,0.00,2.61,-2.68
0.76,-4.50,0.00,2.61,-2.68
0.90,-4.28,0.00,2.48,-2.69
0.94,-4.28,0.00,2.48,-2.69
0.92,-4.18,0.00,2.42,-2.69
1.00,-4.18,0.00,2.42,-2.69
0.96,-4.28,0.00,2.48,-2.69
1.06,-4.28,0.00,2.48,-2.69
1.12,-4.07,0.00,2.36,-2.69
1.09,-4.07,0.00,2.36,-2.69
1.14,-3.96,0.00,2.30,-2.69
1.26,-3.96,0.00,2.30,-2.69
1.23,-3.96,0.00,2.30,-2.70
1.24,-3.75,0.00,2.18,-2.70
1.27,-3.75,0.00,2.18,-2.70
1.44,-3.75,0.00,2.18,-2.70
1.34,-3.64,0.00,2.11,-2.70
1.30,-3.64,0.00,2.11,-2.70
1.37,-3.43,0.00,1.99,-2.70
1.48,-3.22,0.00,1.87,-2.71
1.34,-3.22,0.00,1.87,-2.71
1.27,-3.22,0.00,1.87,-2.71
1.20,-3.01,0.00,1.74,-2.71
1.33,-2.69,0.00,1.56,-2.71
1.49,-2.69,0.00,1.56,-2.71
1.49,-2.58,0.00,1.50,-2.71
1.43,-2.58,0.00,1.50,-2.71
1.40,-2.58,0.00,1.50,-2.72
1.43,-2.26,0.00,1.31,-2.72
1.48,-2.05,0.00,1.19,-2.72
1.46,-2.05,0.00,1.19,-2.72
1.27,-1.84,0.00,1.06,-2.72
1.48,-1.84,0.00,1.06,-2.72
1.36,-1.52,0.00,0.88,-2.72
1.46,-1.52,0.00,0.88,-2.73
1.48,-1.20,0.00,0.69,-2.73
1.56,-1.20,0.00,0.69,-2.73
1.60,-1.09,0.00,0.63,-2.73
1.54,-1.09,0.00,0.63,-2.73
1.49,-0.98,0.00,0.57,-2.73
1.56,-0.98,0.00,0.57,-2.74
1.52,-0.88,0.00,0.51,-2.74
1.61,-0.88,0.00,0.51,-2.74
1.62,-0.66,0.00,0.39,-2.74
1.65,-0.66,0.00,0.39,-2.74
1.41,-0.45,0.00,0.26,-2.74
1.58,-0.45,0.00,0.26,-2.74
1.50,-0.35,0.00,0.20,-2.75
1.67,-0.35,0.00,0.20,-2.75
1.57,-0.35,0.00,0.20,-2.75
1.44,-0.35,0.00,0.20,-2.75
1.51,-0.13,0.00,0.08,-2.75
1.39,-0.13,0.00,0.08,-2.75
1.51,-0.13,0.00,0.08,-2.76
1.43,-0.13,0.00,0.08,-2.76
1.36,-0.13,0.00,0.08,-2.76
1.54,-0.13,0.00,0.08,-2.76
1.48,-0.03,0.00,0.02,-2.76
1.41,-0.03,0.00,0.02,-2.76
-1.19,0.08,0.00,-0.05,-2.76
-1.14,0.08,0.00,-0.05,-2.76
-1.16,0.19,0.00,-0.11,-2.77
-1.21,0.19,0.00,-0.11,-2.77
-1.24,0.08,0.00,-0.05,-2.77
-1.12,0.08,0.00,-0.05,-2.77
-1.05,0.29,0.00,-0.17,-2.77
-1.10,0.29,0.00,-0.17,-2.77
-0.90,0.19,0.00,-0.11,-2.77
-1.01,0.19,0.00,-0.11,-2.77
-0.82,0.40,0.00,-0.23,-2.77
-0.98,0.40,0.00,-0.23,-2.78
-0.89,0.29,0.00,-0.17,-2.78
-0.92,0.29,0.00,-0.17,-2.78
-0.78,0.40,0.00,-0.23,-2.78
-0.85,0.40,0.00,-0.23,-2.78
-0.71,0.51,0.00,-0.29,-2.78
-0.69,0.51,0.00,-0.29,-2.78
-0.75,0.50,0.00,-0.29,-2.78
-0.64,0.50,0.00,-0.29,-2.78
-0.66,0.51,0.00,-0.29,-2.78
-0.50,0.51,0.00,-0.29,-2.78
-0.51,0.50,0.00,-0.29,-2.78
-0.46,0.50,0.00,-0.29,-2.78
-0.58,0.50,0.00,-0.29,-2.78
-0.36,0.50,0.00,-0.29,-2.78
-0.39,0.50,0.00,-0.29,-2.79
-0.38,0.50,0.00,-0.29,-2.79
-0.33,0.51,0.00,-0.29,-2.79
-0.23,0.51,0.00,-0.29,-2.79
-0.21,0.29,0.00,-0.17,-2.79
-0.18,0.29,0.00,-0.17,-2.79
-0.08,0.50,0.00,-0.29,-2.79
-0.31,0.50,0.00,-0.29,-2.79
-0.15,0.40,0.00,-0.23,-2.79
-0.35,0.51,0.00,-0.29,-2.79
-0.10,0.51,0.00,-0.29,-2.79
0.03,0.51,0.00,-0.29,-2.79
-0.18,0.19,0.00,-0.11,-2.79
-0.03,0.29,0.00,-0.17,-2.79
-0.08,0.29,0.00,-0.17,-2.79
-0.17,0.08,0.00,-0.05,-2.79
-0.29,0.08,0.00,-0.05,-2.79
-0.09,0.08,0.00,-0.05,-2.79
-0.05,0.29,0.00,-0.17,-2.79
-0.07,0.08,0.00,-0.05,-2.79
-0.26,0.08,0.00,-0.05,-2.79
0.13,-0.03,0.00,0.02,-2.79
0.05,-0.03,0.00,0.02,-2.79
0.18,-0.13,0.00,0.08,-2.79
0.05,-0.13,0.00,0.08,-2.79
0.11,-0.13,0.00,0.08,-2.79
-0.08,-0.13,0.00,0.08,-2.79
-0.01,-0.13,0.00,0.08,-2.79
-0.05,-0.13,0.00,0.08,-2.79
0.08,-0.24,0.00,0.14,-2.79
-0.04,-0.24,0.00,0.14,-2.79
-0.05,-0.35,0.00,0.20,-2.79
-0.12,-0.35,0.00,0.20,-2.79
-0.20,-0.35,0.00,0.20,-2.79
-0.21,-0.35,0.00,0.20,-2.79
-0.20,-0.24,0.00,0.14,-2.79
-0.16,-0.24,0.00,0.14,-2.79
-0.44,-0.45,0.00,0.26,-2.79
-0.27,-0.45,0.00,0.26,-2.79
-0.06,-0.35,0.00,0.20,-2.79
-0.30,-0.35,0.00,0.20,-2.79
-0.37,-0.45,0.00,0.26,-2.79
-0.45,-0.45,0.00,0.26,-2.79
-0.29,-0.56,0.00,0.32,-2.79
-0.19,-0.56,0.00,0.32,-2.79
-0.37,-0.56,0.00,0.32,-2.79
-0.29,-0.56,0.00,0.32,-2.79
-0.38,-0.56,0.00,0.32,-2.78
-0.38,-0.56,0.00,0.32,-2.78
-0.28,-0.56,0.00,0.32,-2.78
-0.31,-0.56,0.00,0.32,-2.78
-0.24,-0.56,0.00,0.32,-2.78
-0.22,-0.56,0.00,0.32,-2.78
-0.33,-0.67,0.00,0.39,-2.78
-0.42,-0.67,0.00,0.39,-2.78
-0.39,-0.67,0.00,0.39,-2.78
-0.20,-0.67,0.00,0.39,-2.78
-0.35,-0.67,0.00,0.39,-2.78
-0.30,-0.67,0.00,0.39,-2.78
-0.32,-0.56,0.00,0.32,-2.78
-0.31,-0.56,0.00,0.32,-2.78
-0.24,-0.45,0.00,0.26,-2.78
-0.16,-0.45,0.00,0.26,-2.78
-0.31,-0.45,0.00,0.26,-2.78
-0.19,-0.45,0.00,0.26,-2.78
-0.22,-0.56,0.00,0.32,-2.78
-0.23,-0.56,0.00,0.32,-2.78
-0.24,-0.45,0.00,0.26,-2.78
-0.32,-0.45,0.00,0.26,-2.78
-0.24,-0.56,0.00,0.32,-2.78
-0.05,-0.56,0.00,0.32,-2.78
-0.23,-0.45,0.00,0.26,-2.78
-0.32,-0.45,0.00,0.26,-2.78
-0.23,-0.35,0.00,0.20,-2.78
-0.15,-0.35,0.00,0.20,-2.78
-0.11,-0.35,0.00,0.20,-2.78
-0.19,-0.35,0.00,0.20,-2.78
-0.26,-0.35,0.00,0.20,-2.78
-0.13,-0.35,0.00,0.20,-2.78
-0.17,-0.35,0.00,0.20,-2.78
-0.26,-0.35,0.00,0.20,-2.78
-0.15,-0.35,0.00,0.20,-2.78
-0.00,-0.35,0.00,0.20,-2.78
-0.10,-0.24,0.00,0.14,-2.78
0.14,-0.24,0.00,0.14,-2.78
0.05,-0.24,0.00,0.14,-2.78
-0.08,-0.24,0.00,0.14,-2.78
0.16,-0.24,0.00,0.14,-2.78
0.05,-0.24,0.00,0.14,-2.78
0.20,-0.24,0.00,0.14,-2.78
0.32,-0.03,0.00,0.02,-2.78
0.24,-0.03,0.00,0.02,-2.78
0.28,-0.03,0.00,0.02,-2.78
0.33,-0.03,0.00,0.02,-2.78
-0.37,0.08,0.00,-0.05,-2.78
-0.48,0.08,0.00,-0.05,-2.78
-0.27,0.08,0.00,-0.05,-2.78
-0.40,0.08,0.00,-0.05,-2.78
-0.49,0.29,0.00,-0.17,-2.78
-0.47,0.29,0.00,-0.17,-2.78
-0.70,0.40,0.00,-0.23,-2.78
-0.80,0.40,0.00,-0.23,-2.78
-0.57,0.50,0.00,-0.29,-2.78
-0.68,0.50,0.00,-0.29,-2.78
-0.86,0.40,0.00,-0.23,-2.78
-0.79,0.40,0.00,-0.23,-2.78
-0.73,0.61,0.00,-0.35,-2.79
-0.64,0.61,0.00,-0.35,-2.79
-0.85,0.72,0.00,-0.42,-2.79
-0.88,0.72,0.00,-0.42,-2.79
-0.75,0.82,0.00,-0.48,-2.79
-0.76,0.82,0.00,-0.48,-2.79
-0.87,0.82,0.00,-0.48,-2.79
-0.79,0.82,0.00,-0.48,-2.79
-0.88,0.82,0.00,-0.48,-2.79
-0.83,0.82,0.00,-0.48,-2.79
-1.01,0.93,0.00,-0.54,-2.79
-0.86,0.93,0.00,-0.54,-2.79
-0.89,1.04,0.00,-0.60,-2.80
-0.67,1.04,0.00,-0.60,-2.80
-0.88,1.04,0.00,-0.60,-2.80
-0.87,1.04,0.00,-0.60,-2.80
-0.80,1.14,0.00,-0.66,-2.80
-0.58,1.14,0.00,-0.66,-2.80
-0.79,1.14,0.00,-0.66,-2.80
-0.76,1.14,0.00,-0.66,-2.80
-0.68,1.14,0.00,-0.66,-2.80
-0.69,1.14,0.00,-0.66,-2.80
-0.73,1.25,0.00,-0.72,-2.80
-0.67,1.25,0.00,-0.72,-2.80
-0.69,1.46,0.00,-0.85,-2.80
-0.78,1.46,0.00,-0.85,-2.81
-0.77,1.46,0.00,-0.85,-2.81
-0.88,1.46,0.00,-0.85,-2.81
-0.81,1.57,0.00,-0.91,-2.81
-1.09,1.57,0.00,-0.91,-2.81
-0.96,1.78,0.00,-1.03,-2.81
-0.96,1.78,0.00,-1.03,-2.81
-1.01,1.99,0.00,-1.16,-2.81
-0.91,1.99,0.00,-1.16,-2.81
-1.10,1.89,0.00,-1.09,-2.81
-1.23,1.89,0.00,-1.09,-2.81
-1.23,1.99,0.00,-1.16,-2.82
-1.19,1.99,0.00,-1.16,-2.82
-1.27,2.21,0.00,-1.28,-2.82
-1.32,2.21,0.00,-1.28,-2.82
-1.30,2.42,0.00,-1.40,-2.82
-1.40,2.42,0.00,-1.40,-2.82
-1.49,2.31,0.00,-1.34,-2.82
-1.51,2.31,0.00,-1.34,-2.83
-1.56,2.42,0.00,-1.40,-2.83
-1.55,2.42,0.00,-1.40,-2.83
-1.65,2.42,0.00,-1.40,-2.83
-1.50,2.42,0.00,-1.40,-2.83
-1.65,2.53,0.00,-1.46,-2.83
-1.71,2.53,0.00,-1.46,-2.84
-1.71,2.95,0.00,-1.71,-2.84
-1.63,2.95,0.00,-1.71,-2.84
-1.52,2.85,0.00,-1.65,-2.84
-1.69,2.85,0.00,-1.65,-2.84
-1.69,2.95,0.00,-1.71,-2.84
-1.56,2.95,0.00,-1.71,-2.84
-1.60,2.95,0.00,-1.71,-2.85
-1.62,2.95,0.00,-1.71,-2.85
-1.67,3.16,0.00,-1.84,-2.85
-1.69,3.16,0.00,-1.83,-2.85
-1.64,3.16,0.00,-1.83,-2.85
-1.47,3.16,0.00,-1.83,-2.85
-1.65,3.38,0.00,-1.96,-2.86
-1.53,3.48,0.00,-2.02,-2.86
-1.52,3.48,0.00,-2.02,-2.86
-1.69,3.59,0.00,-2.08,-2.86
-1.42,3.59,0.00,-2.08,-2.86
-1.57,3.59,0.00,-2.08,-2.86
-1.25,3.70,0.00,-2.14,-2.87
-1.38,3.80,0.00,-2.20,-2.87
-1.28,3.80,0.00,-2.20,-2.87
-1.29,3.70,0.00,-2.14,-2.87
-1.22,3.70,0.00,-2.14,-2.87
-1.29,3.91,0.00,-2.27,-2.87
-1.15,3.91,0.00,-2.27,-2.87
-1.14,3.80,0.00,-2.21,-2.87
-1.11,3.80,0.00,-2.21,-2.88
-1.09,3.80,0.00,-2.21,-2.88
-1.00,3.80,0.00,-2.21,-2.88
-1.12,3.91,0.00,-2.27,-2.88
-0.95,3.91,0.00,-2.27,-2.88
-0.78,3.80,0.00,-2.21,-2.88
-0.77,3.80,0.00,-2.21,-2.88
-0.74,4.02,0.00,-2.33,-2.88
-0.89,4.02,0.00,-2.33,-2.88
-0.60,3.80,0.00,-2.21,-2.88
-0.51,3.80,0.00,-2.21,-2.88
-0.70,4.12,0.00,-2.39,-2.88
-0.53,4.12,0.00,-2.39,-2.88
-0.51,4.12,0.00,-2.39,-2.89
-0.45,4.12,0.00,-2.39,-2.89
-0.59,4.02,0.00,-2.33,-2.89
-0.51,4.02,0.00,-2.33,-2.89
-0.38,4.02,0.00,-2.33,-2.89
-0.37,4.02,0.00,-2.33,-2.89
-0.34,4.02,0.00,-2.33,-2.89
-0.37,4.02,0.00,-2.33,-2.89
-0.18,4.12,0.00,-2.39,-2.89
-0.23,4.12,0.00,-2.39,-2.89
-0.23,4.23,0.00,-2.45,-2.89
-0.15,4.23,0.00,-2.45,-2.89
-0.19,4.33,0.00,-2.51,-2.89
-0.28,4.33,0.00,-2.51,-2.89
-0.21,4.44,0.00,-2.58,-2.89
-0.07,4.44,0.00,-2.58,-2.89
-0.15,4.44,0.00,-2.58,-2.89
-0.20,4.44,0.00,-2.58,-2.89
-0.09,4.44,0.00,-2.58,-2.89
-0.07,4.44,0.00,-2.58,-2.89
-0.12,4.65,0.00,-2.70,-2.89
-0.20,4.65,0.00,-2.70,-2.89
-0.33,4.65,0.00,-2.70,-2.89
-0.09,4.65,0.00,-2.70,-2.89
-0.09,4.65,0.00,-2.70,-2.89
-0.14,4.65,0.00,-2.70,-2.89
-0.04,4.87,0.00,-2.82,-2.89
-0.09,4.87,0.00,-2.82,-2.89
-0.06,4.87,0.00,-2.82,-2.89
-0.17,4.87,0.00,-2.82,-2.89
-0.24,4.87,0.00,-2.82,-2.89
-0.18,4.87,0.00,-2.82,-2.89
-0.21,4.97,0.00,-2.88,-2.89
-0.08,4.97,0.00,-2.88,-2.89
-0.26,5.08,0.00,-2.95,-2.89
-0.16,5.08,0.00,-2.95,-2.89
-0.09,4.97,0.00,-2.88,-2.89
-0.09,4.97,0.00,-2.88,-2.89
-0.33,5.08,0.00,-2.95,-2.89
-0.29,5.08,0.00,-2.95,-2.89
-0.21,5.08,0.00,-2.95,-2.89
-0.35,5.08,0.00,-2.95,-2.89
-0.33,5.08,0.00,-2.95,-2.89
-0.15,5.08,0.00,-2.95,-2.89
-0.29,4.97,0.00,-2.88,-2.89
-0.39,5.08,0.00,-2.95,-2.90
-0.31,5.08,0.00,-2.95,-2.90
-0.29,5.08,0.00,-2.95,-2.90
-0.37,5.19,0.00,-3.01,-2.90
-0.38,5.19,0.00,-3.01,-2.90
-0.34,5.08,0.00,-2.95,-2.90
-0.45,5.29,0.00,-3.07,-2.90
-0.46,5.29,0.00,-3.07,-2.90
-0.39,5.29,0.00,-3.07,-2.90
-0.42,5.29,0.00,-3.07,-2.90
-0.46,5.40,0.00,-3.13,-2.90
-0.36,5.40,0.00,-3.13,-2.90
-0.61,5.50,0.00,-3.19,-2.90
-0.36,5.50,0.00,-3.19,-2.90
-0.60,5.72,0.00,-3.32,-2.90
-0.35,5.72,0.00,-3.32,-2.90
-0.49,5.72,0.00,-3.32,-2.90
-0.59,5.72,0.00,-3.32,-2.90
-0.51,5.93,0.00,-3.44,-2.90
-0.68,5.93,0.00,-3.44,-2.90
-0.68,5.93,0.00,-3.44,-2.90
-0.61,5.93,0.00,-3.44,-2.90
-0.65,6.14,0.00,-3.56,-2.91
-0.65,6.14,0.00,-3.56,-2.91
-0.86,6.36,0.00,-3.69,-2.91
-0.84,6.36,0.00,-3.69,-2.91
-0.73,6.25,0.00,-3.62,-2.91
-0.84,6.25,0.00,-3.62,-2.91
-0.70,6.46,0.00,-3.75,-2.91
-0.84,6.46,0.00,-3.75,-2.91
-0.66,6.46,0.00,-3.75,-2.91
-0.88,6.46,0.00,-3.75,-2.91
-0.83,6.67,0.00,-3.87,-2.91
-0.80,6.67,0.00,-3.87,-2.91
-0.80,6.67,0.00,-3.87,-2.92
-0.90,6.67,0.00,-3.87,-2.92
-0.87,6.89,0.00,-3.99,-2.92
-0.75,6.89,0.00,-3.99,-2.92
-0.71,6.89,0.00,-4.00,-2.92
-0.85,6.89,0.00,-4.00,-2.92
-0.78,6.99,0.00,-4.06,-2.92
-0.74,6.99,0.00,-4.06,-2.92
-0.73,6.99,0.00,-4.06,-2.92
-0.75,6.99,0.00,-4.06,-2.92
-0.76,6.89,0.00,-3.99,-2.92
-0.67,6.89,0.00,-3.99,-2.92
-0.80,6.99,0.00,-4.06,-2.92
-0.54,6.99,0.00,-4.06,-2.92
-0.68,6.89,0.00,-3.99,-2.93
-0.73,6.89,0.00,-3.99,-2.93
-0.72,6.99,0.00,-4.06,-2.93
-0.69,6.99,0.00,-4.06,-2.93
-0.62,6.89,0.00,-3.99,-2.93
-0.57,6.89,0.00,-3.99,-2.93
-0.48,6.99,0.00,-4.06,-2.93
-0.70,6.99,0.00,-4.06,-2.93
-0.52,6.78,0.00,-3.93,-2.93
-0.48,6.78,0.00,-3.93,-2.93
-0.45,6.99,0.00,-4.06,-2.93
-0.46,6.99,0.00,-4.06,-2.93
-0.43,6.99,0.00,-4.06,-2.93
-0.41,6.99,0.00,-4.06,-2.93
-0.45,6.99,0.00,-4.06,-2.93
-0.46,6.99,0.00,-4.06,-2.93
-0.37,6.99,0.00,-4.06,-2.93
-0.41,6.99,0.00,-4.06,-2.93
-0.28,6.89,0.00,-4.00,-2.93
-0.33,6.89,0.00,-4.00,-2.94
-0.23,6.99,0.00,-4.06,-2.94
-0.17,6.99,0.00,-4.06,-2.94
-0.19,6.99,0.00,-4.06,-2.94
-0.43,6.99,0.00,-4.06,-2.94
-0.29,6.99,0.00,-4.06,-2.94
-0.25,6.99,0.00,-4.06,-2.94
-0.13,7.10,0.00,-4.12,-2.94
-0.07,7.21,0.00,-4.18,-2.94
-0.21,7.21,0.00,-4.18,-2.94
-0.10,7.21,0.00,-4.18,-2.94
-0.08,7.31,0.00,-4.24,-2.94
-0.08,7.31,0.00,-4.24,-2.94
0.08,7.21,0.00,-4.18,-2.94
0.06,7.10,0.00,-4.12,-2.94
0.05,7.10,0.00,-4.12,-2.94
0.04,7.10,0.00,-4.12,-2.94
-0.04,7.10,0.00,-4.12,-2.94
-0.13,6.99,0.00,-4.06,-2.94
0.08,6.99,0.00,-4.06,-2.94
0.02,6.99,0.00,-4.06,-2.94
0.14,6.99,0.00,-4.06,-2.94
0.17,6.99,0.00,-4.06,-2.94
0.14,6.89,0.00,-3.99,-2.94
0.08,6.78,0.00,-3.93,-2.94
0.10,6.78,0.00,-3.93,-2.94
0.17,6.78,0.00,-3.93,-2.94
0.18,6.78,0.00,-3.93,-2.94
0.23,6.78,0.00,-3.93,-2.94
0.18,6.78,0.00,-3.93,-2.94
0.17,6.67,0.00,-3.87,-2.94
0.16,6.67,0.00,-3.87,-2.94
0.06,6.78,0.00,-3.93,-2.94
0.07,6.78,0.00,-3.93,-2.94
0.30,6.57,0.00,-3.81,-2.94
0.22,6.57,0.00,-3.81,-2.93
0.16,6.68,0.00,-3.87,-2.93
0.17,6.68,0.00,-3.87,-2.93
0.15,6.68,0.00,-3.87,-2.93
0.25,6.68,0.00,-3.87,-2.93
0.15,6.68,0.00,-3.87,-2.93
0.14,6.68,0.00,-3.87,-2.93
0.02,6.67,0.00,-3.87,-2.93
0.10,6.67,0.00,-3.87,-2.93
0.20,6.46,0.00,-3.75,-2.93
0.04,6.46,0.00,-3.75,-2.93
0.12,6.78,0.00,-3.93,-2.93
0.07,6.78,0.00,-3.93,-2.93
0.04,6.89,0.00,-3.99,-2.93
-0.04,6.89,0.00,-3.99,-2.93
-0.03,6.78,0.00,-3.93,-2.93
-0.21,6.78,0.00,-3.93,-2.93
-0.12,6.99,0.00,-4.06,-2.93
0.02,6.99,0.00,-4.06,-2.93
-0.08,7.10,0.00,-4.12,-2.93
-0.19,7.10,0.00,-4.12,-2.93
-0.14,7.31,0.00,-4.24,-2.93
-0.32,7.31,0.00,-4.24,-2.93
-0.33,7.31,0.00,-4.24,-2.93
-0.35,7.31,0.00,-4.24,-2.93
-0.40,7.63,0.00,-4.43,-2.94
-0.13,7.63,0.00,-4.43,-2.94
-0.41,7.74,0.00,-4.49,-2.94
-0.49,7.74,0.00,-4.49,-2.94
-0.45,7.95,0.00,-4.61,-2.94
-0.57,7.95,0.00,-4.61,-2.94
-0.68,7.95,0.00,-4.61,-2.94
-0.60,7.95,0.00,-4.61,-2.94
-0.64,8.16,0.00,-4.73,-2.94
-0.66,8.16,0.00,-4.73,-2.94
-0.82,8.38,0.00,-4.86,-2.94
-0.68,8.38,0.00,-4.86,-2.94
-0.73,8.59,0.00,-4.98,-2.94
-0.85,8.59,0.00,-4.98,-2.94
-0.83,8.80,0.00,-5.10,-2.94
-0.87,8.80,0.00,-5.10,-2.94
-0.94,8.59,0.00,-4.98,-2.95
-0.93,8.59,0.00,-4.98,-2.95
-0.98,8.80,0.00,-5.11,-2.95
-1.04,8.80,0.00,-5.11,-2.95
-1.09,9.01,0.00,-5.23,-2.95
-1.04,9.01,0.00,-5.23,-2.95
-1.06,8.91,0.00,-5.17,-2.95
-1.07,8.91,0.00,-5.17,-2.95
-1.11,9.12,0.00,-5.29,-2.95
-1.11,9.12,0.00,-5.29,-2.96
-1.06,9.12,0.00,-5.29,-2.96
-1.02,9.12,0.00,-5.29,-2.96
-1.24,9.23,0.00,-5.35,-2.96
-1.19,9.23,0.00,-5.35,-2.96
-1.41,9.23,0.00,-5.35,-2.96
-1.35,9.23,0.00,-5.35,-2.96
-1.29,9.44,0.00,-5.48,-2.96
-1.21,9.76,0.00,-5.66,-2.96
-1.15,9.76,0.00,-5.66,-2.97
-1.19,9.65,0.00,-5.60,-2.97
-1.37,9.65,0.00,-5.60,-2.97
-1.13,9.65,0.00,-5.60,-2.97
-1.21,9.87,0.00,-5.72,-2.97
-1.35,10.08,0.00,-5.85,-2.97
-1.14,10.08,0.00,-5.85,-2.97
-1.25,10.18,0.00,-5.91,-2.97
-1.26,10.18,0.00,-5.91,-2.98
-1.42,10.29,0.00,-5.97,-2.98
-1.19,10.29,0.00,-5.97,-2.98
-1.21,10.50,0.00,-6.09,-2.98
-1.25,10.50,0.00,-6.09,-2.98
-1.08,10.40,0.00,-6.03,-2.98
-1.21,10.40,0.00,-6.03,-2.98
-1.22,10.72,0.00,-6.22,-2.98
-0.98,10.72,0.00,-6.22,-2.99
-1.05,10.93,0.00,-6.34,-2.99
-1.08,10.93,0.00,-6.34,-2.99
-1.18,10.93,0.00,-6.34,-2.99
-1.02,10.93,0.00,-6.34,-2.99
-0.93,11.04,0.00,-6.40,-2.99
-1.08,11.04,0.00,-6.40,-2.99
-1.09,11.25,0.00,-6.52,-2.99
-1.05,11.25,0.00,-6.52,-2.99
-0.90,11.04,0.00,-6.40,-2.99
-0.94,11.04,0.00,-6.40,-3.00
-1.02,11.14,0.00,-6.46,-3.00
-0.82,11.14,0.00,-6.46,-3.00
-0.87,11.14,0.00,-6.46,-3.00
-0.84,11.14,0.00,-6.46,-3.00
-0.68,11.14,0.00,-6.46,-3.00
-0.85,11.14,0.00,-6.46,-3.00
-0.72,11.04,0.00,-6.40,-3.00
-0.68,11.04,0.00,-6.40,-3.00
-0.78,11.04,0.00,-6.40,-3.00
-0.66,11.04,0.00,-6.40,-3.00
-0.47,10.93,0.00,-6.34,-3.00
-0.48,10.93,0.00,-6.34,-3.00
-0.51,10.82,0.00,-6.28,-3.01
-0.37,10.82,0.00,-6.28,-3.01
-0.42,10.82,0.00,-6.28,-3.01
-0.33,10.82,0.00,-6.28,-3.01
-0.34,10.72,0.00,-6.22,-3.01
-0.22,10.72,0.00,-6.22,-3.01
-0.32,10.61,0.00,-6.15,-3.01
-0.20,10.61,0.00,-6.15,-3.01
-0.16,10.61,0.00,-6.15,-3.01
-0.30,10.61,0.00,-6.15,-3.01
-0.20,10.40,0.00,-6.03,-3.01
-0.03,10.40,0.00,-6.03,-3.01
-0.07,10.61,0.00,-6.15,-3.01
-0.13,10.61,0.00,-6.15,-3.01
-0.06,10.50,0.00,-6.09,-3.01
-0.06,10.50,0.00,-6.09,-3.01
-0.18,10.40,0.00,-6.03,-3.01
-0.01,10.40,0.00,-6.03,-3.01
-0.05,10.40,0.00,-6.03,-3.01
-0.00,10.40,0.00,-6.03,-3.01
0.09,10.61,0.00,-6.15,-3.01
0.15,10.61,0.00,-6.15,-3.01
-0.08,10.72,0.00,-6.22,-3.01
-0.10,10.72,0.00,-6.22,-3.01
0.10,10.61,0.00,-6.15,-3.01
-0.08,10.61,0.00,-6.15,-3.01
-0.12,10.72,0.00,-6.22,-3.01
0.08,10.72,0.00,-6.22,-3.01
0.26,10.61,0.00,-6.15,-3.01
0.01,10.61,0.00,-6.15,-3.01
0.00,10.72,0.00,-6.22,-3.01
0.08,10.61,0.00,-6.15,-3.01
0.11,10.61,0.00,-6.15,-3.01
0.02,10.61,0.00,-6.15,-3.01
0.03,10.72,0.00,-6.22,-3.01
-0.02,10.72,0.00,-6.22,-3.01
0.02,10.72,0.00,-6.22,-3.01
0.03,10.93,0.00,-6.34,-3.01
0.15,10.93,0.00,-6.34,-3.01
0.01,10.93,0.00,-6.34,-3.01
-0.06,10.72,0.00,-6.22,-3.01
-0.07,10.82,0.00,-6.28,-3.01
-0.23,10.82,0.00,-6.28,-3.01
-0.21,10.93,0.00,-6.34,-3.01
-0.16,10.93,0.00,-6.34,-3.01
-0.28,10.93,0.00,-6.34,-3.01
-0.18,10.82,0.00,-6.28,-3.01
-0.24,10.82,0.00,-6.28,-3.01
-0.23,10.82,0.00,-6.28,-3.01
-0.33,10.82,0.00,-6.28,-3.01
-0.30,10.82,0.00,-6.28,-3.01
-0.40,10.72,0.00,-6.22,-3.01
-0.38,10.72,0.00,-6.22,-3.01
-0.50,10.72,0.00,-6.22,-3.01
-0.52,10.72,0.00,-6.22,-3.01
-0.45,10.82,0.00,-6.28,-3.01
-0.63,10.82,0.00,-6.28,-3.01
-0.72,10.82,0.00,-6.28,-3.01
-0.70,10.82,0.00,-6.28,-3.01
-0.79,10.93,0.00,-6.34,-3.02
-0.82,10.93,0.00,-6.34,-3.02
-0.81,11.04,0.00,-6.40,-3.02
-0.70,11.04,0.00,-6.40,-3.02
-0.99,11.14,0.00,-6.46,-3.02
-0.87,11.14,0.00,-6.46,-3.02
-1.06,11.25,0.00,-6.52,-3.02
-1.10,11.25,0.00,-6.52,-3.02
-1.06,11.14,0.00,-6.46,-3.02
-1.10,11.14,0.00,-6.46,-3.02
-1.20,11.35,0.00,-6.59,-3.03
-1.20,11.35,0.00,-6.59,-3.03
-1.46,11.35,0.00,-6.59,-3.03
-1.42,11.35,0.00,-6.59,-3.03
-1.37,11.57,0.00,-6.71,-3.03
-1.52,11.57,0.00,-6.71,-3.03
-1.51,11.78,0.00,-6.83,-3.03
-1.51,11.78,0.00,-6.83,-3.04
-1.55,12.10,0.00,-7.02,-3.04
-1.57,12.10,0.00,-7.02,-3.04
-1.60,12.10,0.00,-7.02,-3.04
-1.73,12.10,0.00,-7.02,-3.04
-1.66,12.31,0.00,-7.14,-3.04
-1.59,12.31,0.00,-7.14,-3.04
-1.56,12.63,0.00,-7.33,-3.05
-1.57,12.63,0.00,-7.33,-3.05
-1.57,12.74,0.00,-7.39,-3.05
-1.65,12.74,0.00,-7.39,-3.05
-1.60,12.95,0.00,-7.51,-3.05
-1.53,12.95,0.00,-7.51,-3.05
-1.60,12.95,0.00,-7.51,-3.06
-1.50,12.95,0.00,-7.51,-3.06
-1.48,13.16,0.00,-7.63,-3.06
-1.44,13.16,0.00,-7.63,-3.06
-1.25,13.27,0.00,-7.70,-3.06
-1.29,13.27,0.00,-7.70,-3.06
-1.26,13.27,0.00,-7.70,-3.06
-0.97,13.27,0.00,-7.70,-3.07
-1.09,13.48,0.00,-7.82,-3.07
-0.99,13.48,0.00,-7.82,-3.07
-0.96,13.59,0.00,-7.88,-3.07
-0.86,13.59,0.00,-7.88,-3.07
-0.91,13.80,0.00,-8.01,-3.07
-0.97,13.80,0.00,-8.01,-3.07
-0.70,13.80,0.00,-8.00,-3.07
-0.72,13.80,0.00,-8.00,-3.07
-0.75,13.91,0.00,-8.07,-3.07
-0.84,13.91,0.00,-8.07,-3.07
-0.54,13.91,0.00,-8.07,-3.07
-0.70,13.91,0.00,-8.07,-3.08
-0.80,13.80,0.00,-8.00,-3.08
-0.66,13.80,0.00,-8.00,-3.08
-0.67,13.91,0.00,-8.07,-3.08
-0.53,13.91,0.00,-8.07,-3.08
-0.55,13.91,0.00,-8.07,-3.08
-0.61,13.91,0.00,-8.07,-3.08
-0.70,14.01,0.00,-8.13,-3.08
-0.66,14.12,0.00,-8.19,-3.08
-0.53,14.12,0.00,-8.19,-3.08
-0.67,14.23,0.00,-8.25,-3.08
-0.67,14.23,0.00,-8.25,-3.08
-0.96,14.23,0.00,-8.25,-3.08
-0.84,14.44,0.00,-8.37,-3.08
-0.80,14.65,0.00,-8.50,-3.08
-0.82,14.65,0.00,-8.50,-3.09
-0.69,14.87,0.00,-8.62,-3.09
-0.75,14.87,0.00,-8.62,-3.09
-0.82,14.97,0.00,-8.68,-3.09
-0.88,14.97,0.00,-8.68,-3.09
-0.95,14.97,0.00,-8.68,-3.09
-1.08,14.97,0.00,-8.68,-3.09
-1.16,15.18,0.00,-8.81,-3.09
-0.94,15.18,0.00,-8.81,-3.09
-1.21,14.97,0.00,-8.68,-3.09
-1.19,14.97,0.00,-8.68,-3.10
-1.15,15.08,0.00,-8.75,-3.10
-1.17,15.08,0.00,-8.75,-3.10
-1.37,15.29,0.00,-8.87,-3.10
-1.16,15.29,0.00,-8.87,-3.10
-1.18,15.50,0.00,-8.99,-3.10
-1.33,15.50,0.00,-8.99,-3.10
-1.17,15.29,0.00,-8.87,-3.10
-1.20,15.29,0.00,-8.87,-3.10
-1.31,15.40,0.00,-8.93,-3.11
-1.24,15.40,0.00,-8.93,-3.11
-1.17,15.61,0.00,-9.05,-3.11
-1.22,15.61,0.00,-9.05,-3.11
-1.15,15.29,0.00,-8.87,-3.11
-1.12,15.29,0.00,-8.87,-3.11
-1.11,15.50,0.00,-8.99,-3.11
-1.06,15.50,0.00,-8.99,-3.11
-1.07,15.18,0.00,-8.81,-3.12
-1.02,15.18,0.00,-8.81,-3.12
-0.93,15.18,0.00,-8.81,-3.12
-0.99,15.18,0.00,-8.81,-3.12
-0.87,15.08,0.00,-8.74,-3.12
-0.76,15.08,0.00,-8.74,-3.12
-0.83,14.97,0.00,-8.68,-3.12
-0.76,14.97,0.00,-8.68,-3.12
-0.64,14.86,0.00,-8.62,-3.12
-0.65,14.86,0.00,-8.62,-3.12
-0.60,14.97,0.00,-8.68,-3.12
-0.44,14.97,0.00,-8.68,-3.12
-0.34,14.76,0.00,-8.56,-3.12
-0.39,14.76,0.00,-8.56,-3.12
-0.38,14.86,0.00,-8.62,-3.12
-0.25,14.86,0.00,-8.62,-3.13
-0.18,14.76,0.00,-8.56,-3.13
-0.10,14.76,0.00,-8.56,-3.13
-0.03,14.76,0.00,-8.56,-3.13
-0.07,14.76,0.00,-8.56,-3.13
0.12,14.65,0.00,-8.50,-3.13
0.15,14.65,0.00,-8.50,-3.13
0.27,14.65,0.00,-8.50,-3.13
0.22,14.65,0.00,-8.50,-3.12
0.37,14.55,0.00,-8.44,-3.12
0.22,14.55,0.00,-8.44,-3.12
0.51,14.44,0.00,-8.37,-3.12
0.48,14.44,0.00,-8.37,-3.12
0.42,14.65,0.00,-8.50,-3.12
0.64,14.65,0.00,-8.50,-3.12
0.57,14.86,0.00,-8.62,-3.12
0.68,14.86,0.00,-8.62,-3.12
0.57,14.76,0.00,-8.56,-3.12
0.57,14.76,0.00,-8.56,-3.12
0.42,15.08,0.00,-8.74,-3.12
0.49,15.08,0.00,-8.74,-3.12
0.51,14.86,0.00,-8.62,-3.12
0.43,14.97,0.00,-8.68,-3.12
0.54,14.97,0.00,-8.68,-3.12
0.43,14.97,0.00,-8.68,-3.12
0.40,14.86,0.00,-8.62,-3.12
0.48,14.86,0.00,-8.62,-3.12
0.49,15.08,0.00,-8.74,-3.12
0.53,14.86,0.00,-8.62,-3.12
0.51,14.86,0.00,-8.62,-3.11
0.45,14.86,0.00,-8.62,-3.11
0.56,15.08,0.00,-8.74,-3.11
0.46,15.18,0.00,-8.81,-3.11
0.26,15.18,0.00,-8.81,-3.11
0.28,15.29,0.00,-8.87,-3.11
0.14,15.29,0.00,-8.87,-3.11
0.18,15.18,0.00,-8.81,-3.11
0.08,15.18,0.00,-8.81,-3.11
0.06,15.40,0.00,-8.93,-3.11
0.09,15.40,0.00,-8.93,-3.11
-0.13,15.29,0.00,-8.87,-3.11
-0.13,15.29,0.00,-8.87,-3.11
-0.33,15.40,0.00,-8.93,-3.11
-0.44,15.40,0.00,-8.93,-3.11
-0.31,15.40,0.00,-8.93,-3.11
-0.43,15.40,0.00,-8.93,-3.11
-0.55,15.61,0.00,-9.05,-3.11
-0.74,15.61,0.00,-9.05,-3.12
-0.81,15.61,0.00,-9.05,-3.12
-0.83,15.61,0.00,-9.05,-3.12
-0.98,15.61,0.00,-9.05,-3.12
-1.13,15.61,0.00,-9.05,-3.12
-1.16,15.71,0.00,-9.11,-3.12
-1.30,15.71,0.00,-9.11,-3.12
-1.20,15.93,0.00,-9.24,-3.12
-1.44,15.93,0.00,-9.24,-3.12
-1.35,16.14,0.00,-9.36,-3.13
-1.46,16.14,0.00,-9.36,-3.13
-1.63,16.46,0.00,-9.55,-3.13
-1.66,16.46,0.00,-9.55,-3.13
-1.66,16.46,0.00,-9.55,-3.13
-1.79,16.46,0.00,-9.55,-3.13
-1.80,16.67,0.00,-9.67,-3.14
-1.95,16.67,0.00,-9.67,-3.14
-1.93,16.99,0.00,-9.85,-3.14
-2.05,16.99,0.00,-9.85,-3.14
-2.09,16.99,0.00,-9.86,-3.14
-2.23,16.99,0.00,-9.86,-3.15
-2.12,17.20,0.00,-9.98,-3.15
-2.12,17.20,0.00,-9.98,-3.15
-2.04,17.52,0.00,-10.16,-3.15
-2.01,17.52,0.00,-10.16,-3.15
-2.04,17.74,0.00,-10.29,-3.16
-2.12,17.74,0.00,-10.29,-3.16
-2.05,17.74,0.00,-10.29,-3.16
-2.35,17.74,0.00,-10.29,-3.16
-2.31,17.95,0.00,-10.41,-3.16
-2.32,17.95,0.00,-10.41,-3.17
-2.56,18.06,0.00,-10.47,-3.17
-2.35,18.06,0.00,-10.47,-3.17
-2.15,18.16,0.00,-10.53,-3.17
-2.32,18.16,0.00,-10.53,-3.18
-2.23,18.16,0.00,-10.53,-3.18
-2.20,18.16,0.00,-10.53,-3.18
-2.22,18.06,0.00,-10.47,-3.18
-2.16,18.06,0.00,-10.47,-3.19
-2.07,18.27,0.00,-10.60,-3.19
-2.03,18.27,0.00,-10.60,-3.19
-1.95,18.06,0.00,-10.47,-3.19
-1.90,18.06,0.00,-10.47,-3.19
-1.88,18.37,0.00,-10.66,-3.20
-1.80,18.37,0.00,-10.66,-3.20
-1.67,18.27,0.00,-10.60,-3.20
-1.62,18.27,0.00,-10.60,-3.20
-1.53,18.69,0.00,-10.84,-3.20
-1.48,18.69,0.00,-10.84,-3.20
-1.59,18.59,0.00,-10.78,-3.20
-1.43,18.59,0.00,-10.78,-3.21
-1.16,18.59,0.00,-10.78,-3.21
-1.23,18.59,0.00,-10.78,-3.21
-1.17,18.48,0.00,-10.72,-3.21
-0.99,18.48,0.00,-10.72,-3.21
-0.89,18.59,0.00,-10.78,-3.21
-0.99,18.48,0.00,-10.72,-3.21
-0.90,18.48,0.00,-10.72,-3.21
-0.80,18.48,0.00,-10.72,-3.21
-0.70,18.59,0.00,-10.78,-3.21
-0.75,18.48,0.00,-10.72,-3.22
-0.50,18.48,0.00,-10.72,-3.22
-0.30,18.48,0.00,-10.72,-3.22
-0.37,18.48,0.00,-10.72,-3.22
-0.38,18.48,0.00,-10.72,-3.22
-0.02,18.70,0.00,-10.84,-3.22
-0.26,18.80,0.00,-10.91,-3.22
0.08,18.80,0.00,-10.91,-3.22
-0.01,18.80,0.00,-10.91,-3.22
-0.08,18.80,0.00,-10.91,-3.22
0.08,18.80,0.00,-10.90,-3.22
0.18,18.80,0.00,-10.90,-3.22
0.12,18.91,0.00,-10.97,-3.22
0.24,18.91,0.00,-10.97,-3.22
0.22,18.80,0.00,-10.90,-3.22
0.17,18.80,0.00,-10.90,-3.22
0.25,18.69,0.00,-10.84,-3.22
0.30,18.69,0.00,-10.84,-3.22
0.32,18.59,0.00,-10.78,-3.22
0.24,18.59,0.00,-10.78,-3.22
0.37,18.48,0.00,-10.72,-3.22
0.25,18.48,0.00,-10.72,-3.21
0.27,18.27,0.00,-10.60,-3.21
0.44,18.27,0.00,-10.60,-3.21
0.53,18.38,0.00,-10.66,-3.21
0.32,18.38,0.00,-10.66,-3.21
0.31,18.48,0.00,-10.72,-3.21
0.30,18.48,0.00,-10.72,-3.21
0.20,18.27,0.00,-10.60,-3.21
0.26,18.27,0.00,-10.60,-3.21
0.17,18.16,0.00,-10.53,-3.21
0.27,18.16,0.00,-10.53,-3.21
0.20,18.38,0.00,-10.66,-3.21
0.07,18.38,0.00,-10.66,-3.21
0.23,18.27,0.00,-10.60,-3.21
0.23,18.27,0.00,-10.60,-3.21
0.19,17.95,0.00,-10.41,-3.21
0.13,17.95,0.00,-10.41,-3.21
0.23,17.84,0.00,-10.35,-3.21
0.07,17.84,0.00,-10.35,-3.21
0.09,17.84,0.00,-10.35,-3.21
0.25,17.84,0.00,-10.35,-3.21
-0.02,17.52,0.00,-10.16,-3.21
0.13,17.52,0.00,-10.16,-3.21
0.04,17.84,0.00,-10.35,-3.21
0.07,17.84,0.00,-10.35,-3.21
0.14,17.84,0.00,-10.35,-3.21
0.23,17.84,0.00,-10.35,-3.21
0.05,17.95,0.00,-10.41,-3.21
0.03,17.95,0.00,-10.41,-3.21
0.09,17.84,0.00,-10.35,-3.21
0.33,17.84,0.00,-10.35,-3.21
0.14,18.16,0.00,-10.53,-3.21
0.10,18.16,0.00,-10.53,-3.21
0.05,18.16,0.00,-10.53,-3.21
0.03,18.16,0.00,-10.53,-3.21
0.11,18.27,0.00,-10.60,-3.21
0.15,18.27,0.00,-10.60,-3.21
-0.01,18.16,0.00,-10.53,-3.21
-0.08,18.16,0.00,-10.53,-3.21
-0.02,18.38,0.00,-10.66,-3.21
-0.08,18.38,0.00,-10.66,-3.21
0.18,18.37,0.00,-10.66,-3.21
0.11,18.37,0.00,-10.66,-3.21
0.05,18.37,0.00,-10.66,-3.21
0.20,18.37,0.00,-10.66,-3.21
0.08,18.69,0.00,-10.84,-3.21
0.18,18.69,0.00,-10.84,-3.21
-0.11,18.91,0.00,-10.97,-3.21
-0.08,18.91,0.00,-10.97,-3.21
0.02,19.12,0.00,-11.09,-3.21
0.00,19.12,0.00,-11.09,-3.21
-0.04,19.12,0.00,-11.09,-3.21
-0.39,19.12,0.00,-11.09,-3.21
-0.21,19.44,0.00,-11.27,-3.21
-0.21,19.44,0.00,-11.27,-3.21
-0.28,19.65,0.00,-11.40,-3.21
-0.28,19.65,0.00,-11.40,-3.21
-0.29,19.65,0.00,-11.40,-3.21
-0.44,19.65,0.00,-11.40,-3.21
-0.69,19.86,0.00,-11.52,-3.21
-0.71,19.86,0.00,-11.52,-3.21
-0.83,19.86,0.00,-11.52,-3.21
-0.83,20.08,0.00,-11.64,-3.21
-0.86,20.08,0.00,-11.64,-3.21
-0.96,20.29,0.00,-11.77,-3.21
-0.99,20.29,0.00,-11.77,-3.22
-1.03,20.40,0.00,-11.83,-3.22
-1.17,20.40,0.00,-11.83,-3.22
-1.08,20.40,0.00,-11.83,-3.22
-1.30,20.40,0.00,-11.83,-3.22
-1.48,20.50,0.00,-11.89,-3.22
-1.40,20.50,0.00,-11.89,-3.22
-1.49,20.61,0.00,-11.95,-3.22
-1.62,20.61,0.00,-11.95,-3.23
-1.85,20.50,0.00,-11.89,-3.23
-1.66,20.50,0.00,-11.89,-3.23
-1.71,20.50,0.00,-11.89,-3.23
-1.89,20.50,0.00,-11.89,-3.23
-2.00,20.71,0.00,-12.01,-3.24
-1.90,20.71,0.00,-12.01,-3.24
-1.86,20.71,0.00,-12.01,-3.24
-1.93,20.71,0.00,-12.01,-3.24
-1.84,20.82,0.00,-12.08,-3.24
-1.79,20.82,0.00,-12.08,-3.24
-1.99,20.93,0.00,-12.14,-3.25
-2.17,20.93,0.00,-12.14,-3.25
-1.87,21.25,0.00,-12.32,-3.25
-1.97,21.25,0.00,-12.32,-3.25
-1.91,21.14,0.00,-12.26,-3.25
-1.92,21.14,0.00,-12.26,-3.26
-2.01,21.25,0.00,-12.32,-3.26
-2.08,21.25,0.00,-12.32,-3.26
-2.04,21.35,0.00,-12.39,-3.26
-1.95,21.35,0.00,-12.39,-3.26
-1.94,21.57,0.00,-12.51,-3.27
-1.67,21.57,0.00,-12.51,-3.27
-1.72,21.35,0.00,-12.38,-3.27
-1.52,21.35,0.00,-12.38,-3.27
-1.60,21.35,0.00,-12.39,-3.27
-1.34,21.35,0.00,-12.39,-3.27
-1.25,21.35,0.00,-12.39,-3.28
-1.22,21.35,0.00,-12.39,-3.28
-1.28,21.25,0.00,-12.32,-3.28
-1.18,21.25,0.00,-12.32,-3.28
-1.22,21.25,0.00,-12.32,-3.28
-0.83,21.25,0.00,-12.32,-3.28
-0.76,21.35,0.00,-12.39,-3.28
-0.85,21.35,0.00,-12.39,-3.28
-0.81,21.25,0.00,-12.32,-3.28
-0.56,21.25,0.00,-12.32,-3.28
-0.51,21.03,0.00,-12.20,-3.29
-0.43,21.03,0.00,-12.20,-3.29
-0.31,21.03,0.00,-12.20,-3.29
-0.22,21.03,0.00,-12.20,-3.29
-0.23,20.93,0.00,-12.14,-3.29
-0.18,20.93,0.00,-12.14,-3.29
-0.12,20.72,0.00,-12.01,-3.29
0.04,20.72,0.00,-12.01,-3.29
0.33,20.61,0.00,-11.95,-3.29
0.36,20.61,0.00,-11.95,-3.29
0.23,20.40,0.00,-11.83,-3.29
0.31,20.40,0.00,-11.83,-3.29
0.33,20.18,0.00,-11.71,-3.29
0.53,20.18,0.00,-11.71,-3.28
0.63,20.08,0.00,-11.65,-3.28
0.75,19.87,0.00,-11.52,-3.28
0.64,19.87,0.00,-11.52,-3.28
0.72,19.87,0.00,-11.52,-3.28
0.79,19.76,0.00,-11.46,-3.28
0.86,19.76,0.00,-11.46,-3.28
0.92,19.55,0.00,-11.34,-3.28
0.90,19.44,0.00,-11.28,-3.28
1.01,19.44,0.00,-11.28,-3.28
1.00,19.44,0.00,-11.28,-3.28
1.03,19.23,0.00,-11.15,-3.28
1.03,18.91,0.00,-10.97,-3.27
1.01,18.91,0.00,-10.97,-3.27
0.94,19.01,0.00,-11.03,-3.27
0.96,19.01,0.00,-11.03,-3.27
0.74,19.01,0.00,-11.03,-3.27
0.90,18.70,0.00,-10.84,-3.27
0.89,18.70,0.00,-10.84,-3.27
0.88,18.70,0.00,-10.84,-3.27
0.93,18.69,0.00,-10.84,-3.27
0.81,18.69,0.00,-10.84,-3.27
0.70,18.80,0.00,-10.90,-3.27
0.70,18.80,0.00,-10.90,-3.26
0.60,18.69,0.00,-10.84,-3.26
0.49,18.69,0.00,-10.84,-3.26
0.34,18.59,0.00,-10.78,-3.26
0.42,18.59,0.00,-10.78,-3.26
0.12,18.80,0.00,-10.90,-3.26
-0.06,18.80,0.00,-10.90,-3.26
-0.15,18.80,0.00,-10.90,-3.26
-0.23,18.80,0.00,-10.90,-3.26
-0.39,18.80,0.00,-10.90,-3.26
-0.57,18.80,0.00,-10.90,-3.26
-0.60,18.80,0.00,-10.90,-3.26
-0.58,18.80,0.00,-10.90,-3.27
-0.71,18.91,0.00,-10.97,-3.27
-0.85,18.91,0.00,-10.97,-3.27
-1.20,18.69,0.00,-10.84,-3.27
-1.30,18.69,0.00,-10.84,-3.27
-1.15,18.69,0.00,-10.84,-3.27
-1.13,18.69,0.00,-10.84,-3.27
-1.37,18.69,0.00,-10.84,-3.27
-1.43,18.69,0.00,-10.84,-3.27
-1.27,18.59,0.00,-10.78,-3.28
-1.45,18.59,0.00,-10.78,-3.28
-1.54,18.59,0.00,-10.78,-3.28
-1.61,18.59,0.00,-10.78,-3.28
-1.61,18.69,0.00,-10.84,-3.28
-1.54,18.69,0.00,-10.84,-3.28
-1.42,18.69,0.00,-10.84,-3.28
-1.47,18.69,0.00,-10.84,-3.29
-1.47,18.80,0.00,-10.90,-3.29
-1.47,18.80,0.00,-10.90,-3.29
-1.31,18.80,0.00,-10.90,-3.29
-1.29,18.80,0.00,-10.90,-3.29
-1.27,18.69,0.00,-10.84,-3.29
-1.21,18.69,0.00,-10.84,-3.29
-1.15,18.91,0.00,-10.97,-3.30
-1.00,18.91,0.00,-10.97,-3.30
-0.79,19.01,0.00,-11.03,-3.30
-0.94,19.01,0.00,-11.03,-3.30
-0.94,19.22,0.00,-11.15,-3.30
-0.87,19.22,0.00,-11.15,-3.30
-0.80,19.33,0.00,-11.21,-3.30
-0.67,19.33,0.00,-11.21,-3.30
-0.54,19.54,0.00,-11.34,-3.30
-0.46,19.54,0.00,-11.34,-3.30
-0.48,19.76,0.00,-11.46,-3.30
-0.48,19.76,0.00,-11.46,-3.30
-0.08,19.86,0.00,-11.52,-3.30
-0.04,19.86,0.00,-11.52,-3.30
-0.24,19.97,0.00,-11.58,-3.30
-0.06,19.97,0.00,-11.58,-3.30
-0.05,20.08,0.00,-11.64,-3.30
-0.05,20.08,0.00,-11.64,-3.30
0.01,20.29,0.00,-11.77,-3.30
0.07,20.29,0.00,-11.77,-3.30
0.00,20.39,0.00,-11.83,-3.30
-0.07,20.39,0.00,-11.83,-3.30
0.28,20.39,0.00,-11.83,-3.30
-0.08,20.39,0.00,-11.83,-3.30
-0.04,20.61,0.00,-11.95,-3.30
-0.05,20.71,0.00,-12.01,-3.30
0.06,20.71,0.00,-12.01,-3.30
0.09,20.71,0.00,-12.01,-3.30
0.10,20.71,0.00,-12.01,-3.30
-0.02,20.71,0.00,-12.01,-3.30
-0.04,21.03,0.00,-12.20,-3.30
-0.23,21.03,0.00,-12.20,-3.30
-0.20,21.03,0.00,-12.20,-3.30
-0.29,21.03,0.00,-12.20,-3.30
-0.37,21.14,0.00,-12.26,-3.30
-0.41,21.14,0.00,-12.26,-3.31
-0.67,21.14,0.00,-12.26,-3.31
-0.74,21.35,0.00,-12.38,-3.31
-0.83,21.35,0.00,-12.38,-3.31
-0.70,21.35,0.00,-12.39,-3.31
-0.82,21.35,0.00,-12.39,-3.31
-0.83,21.35,0.00,-12.39,-3.31
-0.81,21.35,0.00,-12.39,-3.31
-0.90,21.35,0.00,-12.39,-3.31
-1.00,21.35,0.00,-12.39,-3.31
-0.90,21.46,0.00,-12.45,-3.31
-1.12,21.46,0.00,-12.45,-3.31
-1.18,21.46,0.00,-12.45,-3.32
-1.35,21.46,0.00,-12.45,-3.32
-1.37,21.46,0.00,-12.45,-3.32
-1.45,21.46,0.00,-12.45,-3.32
-1.51,21.57,0.00,-12.51,-3.32
-1.48,21.57,0.00,-12.51,-3.32
-1.34,21.57,0.00,-12.51,-3.32
-1.53,21.57,0.00,-12.51,-3.33
-1.47,21.67,0.00,-12.57,-3.33
-1.65,21.67,0.00,-12.57,-3.33
-1.69,21.57,0.00,-12.51,-3.33
-1.71,21.57,0.00,-12.51,-3.33
-1.69,21.57,0.00,-12.51,-3.33
-1.66,21.57,0.00,-12.51,-3.34
-1.59,21.78,0.00,-12.63,-3.34
-1.77,21.78,0.00,-12.63,-3.34
-1.52,21.78,0.00,-12.63,-3.34
-1.71,21.78,0.00,-12.63,-3.34
-1.77,21.67,0.00,-12.57,-3.34
-1.80,21.67,0.00,-12.57,-3.35
-1.77,21.78,0.00,-12.63,-3.35
-1.59,21.78,0.00,-12.63,-3.35
-1.53,21.67,0.00,-12.57,-3.35
-1.59,21.67,0.00,-12.57,-3.35
-1.56,21.88,0.00,-12.69,-3.35
-1.46,21.88,0.00,-12.69,-3.36
-1.42,21.78,0.00,-12.63,-3.36
-1.14,21.78,0.00,-12.63,-3.36
-1.18,21.57,0.00,-12.51,-3.36
-1.08,21.57,0.00,-12.51,-3.36
-1.01,21.57,0.00,-12.51,-3.36
-0.93,21.57,0.00,-12.51,-3.36
-0.85,21.25,0.00,-12.32,-3.36
-0.76,21.25,0.00,-12.32,-3.36
-0.54,21.46,0.00,-12.45,-3.36
-0.50,21.46,0.00,-12.45,-3.36
-0.50,21.25,0.00,-12.32,-3.37
-0.55,21.25,0.00,-12.32,-3.37
-0.22,21.03,0.00,-12.20,-3.37
-0.18,21.03,0.00,-12.20,-3.37
-0.05,21.04,0.00,-12.20,-3.37
0.18,21.04,0.00,-12.20,-3.37
0.11,20.93,0.00,-12.14,-3.37
0.15,20.93,0.00,-12.14,-3.37
0.37,20.72,0.00,-12.02,-3.37
0.31,20.72,0.00,-12.02,-3.37
0.48,20.72,0.00,-12.02,-3.36
0.54,20.72,0.00,-12.02,-3.36
0.56,20.61,0.00,-11.95,-3.36
0.51,20.61,0.00,-11.95,-3.36
0.47,20.29,0.00,-11.77,-3.36
0.59,20.29,0.00,-11.77,-3.36
0.64,20.29,0.00,-11.77,-3.36
0.82,20.29,0.00,-11.77,-3.36
0.71,20.29,0.00,-11.77,-3.36
0.64,20.29,0.00,-11.77,-3.36
0.64,19.97,0.00,-11.58,-3.36
0.76,19.97,0.00,-11.58,-3.36
0.87,19.86,0.00,-11.52,-3.36
0.55,19.86,0.00,-11.52,-3.36
0.71,19.86,0.00,-11.52,-3.36
0.62,19.86,0.00,-11.52,-3.35
0.57,19.55,0.00,-11.34,-3.35
0.56,19.76,0.00,-11.46,-3.35
0.63,19.76,0.00,-11.46,-3.35
0.39,19.54,0.00,-11.34,-3.35
0.32,19.54,0.00,-11.34,-3.35
0.39,19.54,0.00,-11.34,-3.35
0.17,19.65,0.00,-11.40,-3.35
0.12,19.44,0.00,-11.27,-3.35
0.06,19.44,0.00,-11.27,-3.35
0.06,19.54,0.00,-11.34,-3.35
-0.08,19.54,0.00,-11.34,-3.35
-0.29,19.44,0.00,-11.27,-3.35
-0.36,19.44,0.00,-11.27,-3.35
-0.39,19.65,0.00,-11.40,-3.35
-0.35,19.65,0.00,-11.40,-3.35
-0.44,19.54,0.00,-11.34,-3.35
-0.53,19.54,0.00,-11.34,-3.35
-0.56,19.65,0.00,-11.40,-3.35
-0.59,19.65,0.00,-11.40,-3.36
-0.74,19.97,0.00,-11.58,-3.36
-0.68,19.97,0.00,-11.58,-3.36
-0.88,19.76,0.00,-11.46,-3.36
-0.80,19.76,0.00,-11.46,-3.36
-0.76,19.97,0.00,-11.58,-3.36
-0.82,19.97,0.00,-11.58,-3.36
-0.86,19.97,0.00,-11.58,-3.36
-0.90,19.97,0.00,-11.58,-3.36
-0.73,19.97,0.00,-11.58,-3.36
-0.92,19.97,0.00,-11.58,-3.36
-0.87,20.08,0.00,-11.64,-3.36
-0.70,20.08,0.00,-11.64,-3.36
-0.64,20.08,0.00,-11.64,-3.37
-0.81,20.08,0.00,-11.64,-3.37
-0.66,20.18,0.00,-11.71,-3.37
-0.54,20.18,0.00,-11.71,-3.37
-0.46,20.18,0.00,-11.71,-3.37
-0.34,20.18,0.00,-11.71,-3.37
-0.29,20.18,0.00,-11.71,-3.37
-0.41,20.18,0.00,-11.71,-3.37
-0.15,20.29,0.00,-11.77,-3.37
-0.10,20.29,0.00,-11.77,-3.37
-0.04,20.29,0.00,-11.77,-3.37
-0.03,20.29,0.00,-11.77,-3.37
0.02,20.18,0.00,-11.71,-3.37
0.11,20.18,0.00,-11.71,-3.37
0.30,20.18,0.00,-11.71,-3.37
0.27,20.18,0.00,-11.71,-3.37
0.30,20.40,0.00,-11.83,-3.37
0.30,20.40,0.00,-11.83,-3.37
0.33,20.61,0.00,-11.95,-3.37
0.31,20.61,0.00,-11.95,-3.37
0.21,20.61,0.00,-11.95,-3.37
0.25,20.61,0.00,-11.95,-3.37
0.24,20.82,0.00,-12.08,-3.37
0.37,20.82,0.00,-12.08,-3.37
0.20,20.82,0.00,-12.08,-3.37
0.20,20.82,0.00,-12.08,-3.37
0.28,20.93,0.00,-12.14,-3.37
0.14,20.93,0.00,-12.14,-3.37
0.14,21.14,0.00,-12.26,-3.37
0.04,21.14,0.00,-12.26,-3.37
-0.02,21.25,0.00,-12.32,-3.37
-0.11,21.25,0.00,-12.32,-3.37
-0.20,21.35,0.00,-12.38,-3.37
-0.19,21.35,0.00,-12.38,-3.37
-0.23,21.56,0.00,-12.51,-3.37
-0.37,21.56,0.00,-12.51,-3.37
-0.37,21.78,0.00,-12.63,-3.37
-0.40,21.78,0.00,-12.63,-3.37
-0.47,21.88,0.00,-12.69,-3.37
-0.66,21.88,0.00,-12.69,-3.37
-0.42,22.10,0.00,-12.82,-3.37
-0.65,22.20,0.00,-12.88,-3.37
-0.72,22.20,0.00,-12.88,-3.37
-0.81,22.20,0.00,-12.88,-3.37
-0.82,22.31,0.00,-12.94,-3.37
-0.82,22.52,0.00,-13.06,-3.37
-1.04,22.52,0.00,-13.06,-3.37
-0.95,22.74,0.00,-13.19,-3.37
-0.98,22.74,0.00,-13.19,-3.38
-1.07,22.74,0.00,-13.19,-3.38
-1.06,22.63,0.00,-13.13,-3.38
-1.13,22.74,0.00,-13.19,-3.38
-1.08,22.74,0.00,-13.19,-3.38
-1.29,22.52,0.00,-13.06,-3.38
-1.24,22.52,0.00,-13.06,-3.38
-1.42,22.42,0.00,-13.00,-3.38
-1.53,22.42,0.00,-13.00,-3.39
-1.36,22.42,0.00,-13.00,-3.39
-1.28,22.42,0.00,-13.00,-3.39
-1.39,22.42,0.00,-13.00,-3.39
-1.57,22.42,0.00,-13.00,-3.39
-1.54,22.20,0.00,-12.88,-3.39
-1.37,22.20,0.00,-12.88,-3.39
-1.43,22.20,0.00,-12.88,-3.40
-1.59,22.20,0.00,-12.88,-3.40
-1.49,22.10,0.00,-12.82,-3.40
-1.39,22.10,0.00,-12.82,-3.40
-1.34,21.99,0.00,-12.75,-3.40
-1.27,21.99,0.00,-12.75,-3.40
-1.37,21.99,0.00,-12.75,-3.40
-1.21,21.99,0.00,-12.75,-3.41
-1.13,22.10,0.00,-12.82,-3.41
-1.11,22.10,0.00,-12.82,-3.41
-1.31,21.99,0.00,-12.76,-3.41
-0.97,21.99,0.00,-12.76,-3.41
-0.98,21.99,0.00,-12.76,-3.41
-1.12,21.99,0.00,-12.76,-3.41
-1.09,22.10,0.00,-12.82,-3.41
-1.03,22.10,0.00,-12.82,-3.41
-0.73,22.10,0.00,-12.82,-3.41
-0.85,22.10,0.00,-12.82,-3.42
-0.93,22.10,0.00,-12.82,-3.42
-0.69,22.10,0.00,-12.82,-3.42
-0.74,22.10,0.00,-12.82,-3.42
-0.72,22.10,0.00,-12.82,-3.42
-0.64,22.21,0.00,-12.88,-3.42
-0.53,22.21,0.00,-12.88,-3.42
-0.51,22.42,0.00,-13.00,-3.42
-0.29,22.42,0.00,-13.00,-3.42
-0.20,22.21,0.00,-12.88,-3.42
-0.39,22.21,0.00,-12.88,-3.42
-0.25,22.21,0.00,-12.88,-3.42
-0.17,22.21,0.00,-12.88,-3.42
-0.10,22.10,0.00,-12.82,-3.42
-0.06,22.10,0.00,-12.82,-3.42
0.01,21.89,0.00,-12.69,-3.42
-0.01,21.89,0.00,-12.69,-3.42
0.12,21.99,0.00,-12.76,-3.42
0.15,21.99,0.00,-12.76,-3.42
0.30,21.67,0.00,-12.57,-3.42
0.29,21.67,0.00,-12.57,-3.42
0.37,21.78,0.00,-12.63,-3.42
0.41,21.78,0.00,-12.63,-3.42
0.66,21.57,0.00,-12.51,-3.42
0.58,21.57,0.00,-12.51,-3.42
0.57,21.25,0.00,-12.32,-3.42
0.46,21.25,0.00,-12.32,-3.42
0.51,21.14,0.00,-12.26,-3.42
0.67,21.14,0.00,-12.26,-3.42
0.63,20.72,0.00,-12.02,-3.42
0.72,20.72,0.00,-12.02,-3.42
0.80,20.82,0.00,-12.08,-3.41
0.71,20.82,0.00,-12.08,-3.41
0.50,20.29,0.00,-11.77,-3.41
0.52,20.29,0.00,-11.77,-3.41
0.59,20.29,0.00,-11.77,-3.41
0.52,20.08,0.00,-11.64,-3.41
0.49,20.08,0.00,-11.64,-3.41
0.39,20.08,0.00,-11.64,-3.41
0.43,19.86,0.00,-11.52,-3.41
0.50,19.86,0.00,-11.52,-3.41
0.37,19.86,0.00,-11.52,-3.41
0.19,19.65,0.00,-11.40,-3.41
0.23,19.65,0.00,-11.40,-3.41
0.31,19.65,0.00,-11.40,-3.41
0.09,19.22,0.00,-11.15,-3.41
0.27,19.33,0.00,-11.21,-3.41
0.05,19.33,0.00,-11.21,-3.41
-0.00,19.33,0.00,-11.21,-3.41
0.05,19.33,0.00,-11.21,-3.41
-0.01,19.33,0.00,-11.21,-3.41
0.13,19.33,0.00,-11.21,-3.41
0.12,19.33,0.00,-11.21,-3.41
0.03,19.33,0.00,-11.21,-3.41
0.02,19.33,0.00,-11.21,-3.41
-0.12,19.33,0.00,-11.21,-3.41
-0.31,19.23,0.00,-11.15,-3.41
-0.22,19.23,0.00,-11.15,-3.41
-0.08,19.33,0.00,-11.21,-3.41
-0.15,19.33,0.00,-11.21,-3.41
-0.37,19.33,0.00,-11.21,-3.41
-0.42,19.33,0.00,-11.21,-3.41
-0.28,19.44,0.00,-11.27,-3.41
-0.35,19.44,0.00,-11.27,-3.41
-0.27,19.33,0.00,-11.21,-3.41
-0.53,19.33,0.00,-11.21,-3.41
-0.56,19.33,0.00,-11.21,-3.41
-0.49,19.33,0.00,-11.21,-3.41
-0.75,19.33,0.00,-11.21,-3.41
-0.80,19.33,0.00,-11.21,-3.41
-0.86,19.33,0.00,-11.21,-3.41
-0.68,19.33,0.00,-11.21,-3.42
-0.81,19.22,0.00,-11.15,-3.42
-0.74,19.22,0.00,-11.15,-3.42
-0.83,19.12,0.00,-11.09,-3.42
-0.82,19.12,0.00,-11.09,-3.42
-0.92,19.01,0.00,-11.03,-3.42
-0.88,19.01,0.00,-11.03,-3.42
-1.06,19.22,0.00,-11.15,-3.42
-0.87,19.22,0.00,-11.15,-3.42
-0.97,18.91,0.00,-10.96,-3.42
-0.75,18.91,0.00,-10.96,-3.42
-0.98,18.80,0.00,-10.90,-3.42
-1.04,18.80,0.00,-10.90,-3.43
-0.93,19.01,0.00,-11.03,-3.43
-0.80,19.01,0.00,-11.03,-3.43
-0.90,19.01,0.00,-11.03,-3.43
-0.78,19.01,0.00,-11.03,-3.43
-0.91,19.01,0.00,-11.03,-3.43
-0.88,19.01,0.00,-11.03,-3.43
-0.93,18.90,0.00,-10.96,-3.43
-0.91,18.90,0.00,-10.96,-3.43
-0.91,19.33,0.00,-11.21,-3.43
-0.73,19.33,0.00,-11.21,-3.43
-0.84,19.54,0.00,-11.34,-3.44
-0.78,19.54,0.00,-11.34,-3.44
-1.03,19.65,0.00,-11.40,-3.44
-0.79,19.65,0.00,-11.40,-3.44
-0.90,19.86,0.00,-11.52,-3.44
-0.80,19.86,0.00,-11.52,-3.44
-0.86,20.08,0.00,-11.64,-3.44
-0.85,20.08,0.00,-11.64,-3.44
-0.90,20.29,0.00,-11.77,-3.44
-0.98,20.29,0.00,-11.77,-3.44
-1.00,20.39,0.00,-11.83,-3.44
-1.05,20.39,0.00,-11.83,-3.45
-0.85,20.39,0.00,-11.83,-3.45
-0.90,20.39,0.00,-11.83,-3.45
-0.88,20.29,0.00,-11.77,-3.45
-0.81,20.29,0.00,-11.77,-3.45
-0.78,20.50,0.00,-11.89,-3.45
-0.91,20.50,0.00,-11.89,-3.45
-0.77,20.71,0.00,-12.01,-3.45
-0.92,20.71,0.00,-12.01,-3.45
-0.92,20.82,0.00,-12.08,-3.45
-0.97,20.82,0.00,-12.08,-3.45
-0.91,20.71,0.00,-12.01,-3.45
-0.64,21.03,0.00,-12.20,-3.46
-0.86,21.03,0.00,-12.20,-3.46
-0.89,21.03,0.00,-12.20,-3.46
-0.91,20.93,0.00,-12.14,-3.46
-0.89,20.82,0.00,-12.08,-3.46
-0.97,20.82,0.00,-12.08,-3.46
-0.98,20.93,0.00,-12.14,-3.46
-0.84,20.93,0.00,-12.14,-3.46
-0.81,20.93,0.00,-12.14,-3.46
-0.92,20.82,0.00,-12.08,-3.46
-0.80,20.82,0.00,-12.08,-3.46
-0.83,20.82,0.00,-12.08,-3.47
-0.81,20.93,0.00,-12.14,-3.47
-0.69,20.93,0.00,-12.14,-3.47
-0.62,20.82,0.00,-12.08,-3.47
-0.83,20.82,0.00,-12.08,-3.47
-0.90,20.93,0.00,-12.14,-3.47
-0.90,20.93,0.00,-12.14,-3.47
-0.80,20.82,0.00,-12.08,-3.47
-0.88,20.82,0.00,-12.08,-3.47
-0.85,20.82,0.00,-12.08,-3.47
-0.78,20.82,0.00,-12.08,-3.47
-0.73,21.03,0.00,-12.20,-3.47
-0.65,21.03,0.00,-12.20,-3.47
-0.63,21.03,0.00,-12.20,-3.48
-0.81,21.03,0.00,-12.20,-3.48
-0.80,20.93,0.00,-12.14,-3.48
-0.77,20.93,0.00,-12.14,-3.48
-0.72,21.03,0.00,-12.20,-3.48
-0.68,21.03,0.00,-12.20,-3.48
-0.88,21.03,0.00,-12.20,-3.48
-0.88,21.03,0.00,-12.20,-3.48
-0.72,21.25,0.00,-12.32,-3.48
-0.70,21.25,0.00,-12.32,-3.48
-0.81,21.14,0.00,-12.26,-3.48
-0.74,21.14,0.00,-12.26,-3.48
-0.65,21.35,0.00,-12.39,-3.48
-0.65,21.35,0.00,-12.39,-3.49
-0.66,21.25,0.00,-12.32,-3.49
-0.72,21.25,0.00,-12.32,-3.49
-0.52,21.36,0.00,-12.39,-3.49
-0.58,21.36,0.00,-12.39,-3.49
-0.50,21.57,0.00,-12.51,-3.49
-0.38,21.57,0.00,-12.51,-3.49
-0.36,21.57,0.00,-12.51,-3.49
-0.43,21.57,0.00,-12.51,-3.49
-0.40,21.57,0.00,-12.51,-3.49
-0.44,21.57,0.00,-12.51,-3.49
-0.20,21.35,0.00,-12.39,-3.49
-0.22,21.35,0.00,-12.39,-3.49
-0.32,21.14,0.00,-12.26,-3.49
-0.13,21.14,0.00,-12.26,-3.49
-0.01,21.14,0.00,-12.26,-3.49
0.06,21.14,0.00,-12.26,-3.49
-0.02,21.03,0.00,-12.20,-3.49
-0.05,21.03,0.00,-12.20,-3.49
0.05,20.82,0.00,-12.08,-3.49
0.26,20.82,0.00,-12.08,-3.49
-0.04,20.72,0.00,-12.02,-3.49
0.13,20.72,0.00,-12.02,-3.49
0.29,20.71,0.00,-12.01,-3.49
0.16,20.71,0.00,-12.01,-3.49
0.37,20.61,0.00,-11.95,-3.49
0.35,20.61,0.00,-11.95,-3.49
0.26,20.50,0.00,-11.89,-3.49
0.39,20.50,0.00,-11.89,-3.49
0.37,20.71,0.00,-12.01,-3.49
0.34,20.71,0.00,-12.01,-3.49
0.55,20.71,0.00,-12.01,-3.49
0.45,20.71,0.00,-12.01,-3.49
0.53,20.61,0.00,-11.95,-3.49
0.61,20.61,0.00,-11.95,-3.49
0.48,20.71,0.00,-12.01,-3.49
0.34,20.71,0.00,-12.01,-3.49
0.36,20.61,0.00,-11.95,-3.48
0.32,20.71,0.00,-12.01,-3.48
0.27,20.71,0.00,-12.01,-3.48
0.15,20.71,0.00,-12.01,-3.48
0.14,21.03,0.00,-12.20,-3.48
0.11,21.03,0.00,-12.20,-3.48
0.00,20.93,0.00,-12.14,-3.48
-0.06,20.93,0.00,-12.14,-3.48
-0.06,20.93,0.00,-12.14,-3.48
-0.10,20.93,0.00,-12.14,-3.48
-0.39,21.14,0.00,-12.26,-3.48
-0.57,21.03,0.00,-12.20,-3.48
-0.77,21.03,0.00,-12.20,-3.49
-0.75,21.14,0.00,-12.26,-3.49
-0.93,21.14,0.00,-12.26,-3.49
-1.13,21.14,0.00,-12.26,-3.49
-1.19,21.14,0.00,-12.26,-3.49
-1.34,21.03,0.00,-12.20,-3.49
-1.37,21.03,0.00,-12.20,-3.49
-1.34,21.03,0.00,-12.20,-3.49
-1.46,21.03,0.00,-12.20,-3.50
-1.52,21.03,0.00,-12.20,-3.50
-1.63,21.03,0.00,-12.20,-3.50
-1.82,21.03,0.00,-12.20,-3.50
-1.81,21.03,0.00,-12.20,-3.50
-1.66,21.03,0.00,-12.20,-3.50
-1.67,21.03,0.00,-12.20,-3.51
-1.61,20.82,0.00,-12.08,-3.51
-1.52,20.82,0.00,-12.08,-3.51
-1.75,20.82,0.00,-12.08,-3.51
-1.61,20.82,0.00,-12.08,-3.51
-1.42,21.14,0.00,-12.26,-3.51
-1.50,21.14,0.00,-12.26,-3.51
-1.43,21.14,0.00,-12.26,-3.52
-1.29,21.14,0.00,-12.26,-3.52
-1.24,20.93,0.00,-12.14,-3.52
-1.20,20.93,0.00,-12.14,-3.52
-0.98,21.14,0.00,-12.26,-3.52
-1.01,21.14,0.00,-12.26,-3.52
-0.88,21.03,0.00,-12.20,-3.52
-0.70,21.03,0.00,-12.20,-3.52
-0.49,20.82,0.00,-12.08,-3.52
-0.60,20.82,0.00,-12.08,-3.52
-0.45,20.93,0.00,-12.14,-3.52
-0.24,20.93,0.00,-12.14,-3.53
-0.22,20.93,0.00,-12.14,-3.53
-0.02,20.93,0.00,-12.14,-3.53
0.10,21.03,0.00,-12.20,-3.53
0.16,21.03,0.00,-12.20,-3.53
0.38,20.93,0.00,-12.14,-3.52
0.54,20.93,0.00,-12.14,-3.52
0.54,20.72,0.00,-12.01,-3.52
0.78,20.72,0.00,-12.01,-3.52
0.78,20.72,0.00,-12.02,-3.52
0.97,20.72,0.00,-12.02,-3.52
1.14,20.61,0.00,-11.95,-3.52
1.29,20.61,0.00,-11.95,-3.52
1.35,20.50,0.00,-11.89,-3.52
1.29,20.50,0.00,-11.89,-3.52
1.43,20.50,0.00,-11.89,-3.51
1.52,20.50,0.00,-11.89,-3.51
1.64,20.29,0.00,-11.77,-3.51
1.78,20.29,0.00,-11.77,-3.51
1.83,20.08,0.00,-11.65,-3.51
1.88,20.08,0.00,-11.65,-3.51
1.83,20.08,0.00,-11.65,-3.50
1.74,20.08,0.00,-11.65,-3.50
2.05,20.18,0.00,-11.71,-3.50
1.92,20.18,0.00,-11.71,-3.50
1.87,20.08,0.00,-11.65,-3.50
1.86,20.08,0.00,-11.65,-3.49
1.82,19.97,0.00,-11.58,-3.49
1.89,19.97,0.00,-11.58,-3.49
1.73,19.87,0.00,-11.52,-3.49
1.61,19.87,0.00,-11.52,-3.49
1.46,19.76,0.00,-11.46,-3.49
1.57,19.76,0.00,-11.46,-3.48
1.54,19.65,0.00,-11.40,-3.48
1.39,19.65,0.00,-11.40,-3.48
1.44,19.44,0.00,-11.27,-3.48
1.32,19.44,0.00,-11.27,-3.48
1.27,19.44,0.00,-11.27,-3.48
1.32,19.44,0.00,-11.27,-3.48
1.12,19.44,0.00,-11.27,-3.48
0.99,19.44,0.00,-11.27,-3.47
0.96,19.33,0.00,-11.21,-3.47
0.83,19.44,0.00,-11.27,-3.47
0.75,19.44,0.00,-11.27,-3.47
0.60,19.65,0.00,-11.40,-3.47
0.48,19.65,0.00,-11.40,-3.47
0.35,19.65,0.00,-11.40,-3.47
0.48,19.65,0.00,-11.40,-3.47
0.22,19.54,0.00,-11.34,-3.47
0.10,19.54,0.00,-11.34,-3.47
0.03,19.65,0.00,-11.40,-3.47
-0.13,19.65,0.00,-11.40,-3.47
-0.16,19.65,0.00,-11.40,-3.47
-0.18,19.65,0.00,-11.40,-3.47
-0.35,19.54,0.00,-11.34,-3.47
-0.63,19.54,0.00,-11.34,-3.47
-0.49,19.54,0.00,-11.34,-3.47
-0.41,19.54,0.00,-11.34,-3.47
-0.62,19.55,0.00,-11.34,-3.47
-0.46,19.55,0.00,-11.34,-3.47
-0.82,19.65,0.00,-11.40,-3.47
-0.83,19.65,0.00,-11.40,-3.47
-0.98,19.44,0.00,-11.27,-3.48
-1.02,19.44,0.00,-11.27,-3.48
-1.01,19.44,0.00,-11.27,-3.48
-1.01,19.44,0.00,-11.27,-3.48
-0.98,19.76,0.00,-11.46,-3.48
-1.02,19.76,0.00,-11.46,-3.48
-1.12,19.44,0.00,-11.27,-3.48
-0.80,19.44,0.00,-11.27,-3.48
-1.05,19.54,0.00,-11.34,-3.48
-0.93,19.54,0.00,-11.34,-3.48
-0.84,19.55,0.00,-11.34,-3.49
-0.77,19.55,0.00,-11.34,-3.49
-0.82,19.44,0.00,-11.27,-3.49
-0.95,19.44,0.00,-11.27,-3.49
-0.77,19.44,0.00,-11.27,-3.49
-0.73,19.44,0.00,-11.27,-3.49
-0.84,19.54,0.00,-11.34,-3.49
-0.78,19.54,0.00,-11.34,-3.49
-0.88,19.54,0.00,-11.34,-3.49
-0.65,19.54,0.00,-11.34,-3.49
-0.62,19.65,0.00,-11.40,-3.49
-0.67,19.65,0.00,-11.40,-3.49
-0.52,19.65,0.00,-11.40,-3.49
-0.53,19.65,0.00,-11.40,-3.49
-0.33,19.65,0.00,-11.40,-3.50
-0.34,19.65,0.00,-11.40,-3.50
-0.40,19.65,0.00,-11.40,-3.50
-0.45,19.65,0.00,-11.40,-3.50
-0.21,19.86,0.00,-11.52,-3.50
-0.16,19.86,0.00,-11.52,-3.50
-0.31,19.97,0.00,-11.58,-3.50
-0.26,19.97,0.00,-11.58,-3.50
-0.14,19.76,0.00,-11.46,-3.50
-0.02,19.76,0.00,-11.46,-3.50
0.01,20.08,0.00,-11.64,-3.50
0.02,20.08,0.00,-11.64,-3.50
-0.13,20.08,0.00,-11.64,-3.50
0.01,20.08,0.00,-11.64,-3.50
0.10,20.18,0.00,-11.71,-3.50
0.28,20.18,0.00,-11.71,-3.50
-0.08,20.08,0.00,-11.64,-3.50
0.25,20.08,0.00,-11.64,-3.50
0.36,20.08,0.00,-11.64,-3.50
0.30,20.08,0.00,-11.64,-3.50
0.09,20.08,0.00,-11.64,-3.50
0.17,20.08,0.00,-11.64,-3.50
0.30,20.29,0.00,-11.77,-3.50
0.27,20.29,0.00,-11.77,-3.50
0.24,20.18,0.00,-11.71,-3.50
0.21,20.18,0.00,-11.71,-3.50
0.31,20.18,0.00,-11.71,-3.49
0.34,20.29,0.00,-11.77,-3.49
0.36,20.29,0.00,-11.77,-3.49
0.22,20.29,0.00,-11.77,-3.49
0.24,20.29,0.00,-11.77,-3.49
0.30,20.29,0.00,-11.77,-3.49
0.14,20.08,0.00,-11.64,-3.49
0.25,19.97,0.00,-11.58,-3.49
0.20,19.97,0.00,-11.58,-3.49
0.11,19.97,0.00,-11.58,-3.49
0.08,19.97,0.00,-11.58,-3.49
0.04,19.97,0.00,-11.58,-3.49
-0.04,19.97,0.00,-11.58,-3.49
-0.13,19.97,0.00,-11.58,-3.49
-0.13,19.97,0.00,-11.58,-3.49
-0.20,19.97,0.00,-11.58,-3.49
-0.07,19.97,0.00,-11.58,-3.49
-0.14,19.86,0.00,-11.52,-3.49
-0.03,19.86,0.00,-11.52,-3.49
-0.21,19.86,0.00,-11.52,-3.49
-0.19,19.86,0.00,-11.52,-3.49
-0.36,19.97,0.00,-11.58,-3.49
-0.36,19.97,0.00,-11.58,-3.49
-0.38,19.97,0.00,-11.58,-3.49
-0.52,19.97,0.00,-11.58,-3.50
-0.62,20.08,0.00,-11.64,-3.50
-0.57,20.08,0.00,-11.64,-3.50
-0.74,20.08,0.00,-11.64,-3.50
-0.73,20.08,0.00,-11.64,-3.50
-0.73,20.08,0.00,-11.64,-3.50
-0.64,20.08,0.00,-11.64,-3.50
-0.75,20.18,0.00,-11.71,-3.50
-0.74,20.18,0.00,-11.71,-3.50
-0.76,20.08,0.00,-11.64,-3.50
-0.6
