0.00,-20.98,12.00,0,0
0.00,-20.87,11.83,0,0
0.00,-20.87,11.78,0,0
0.00,-20.87,11.80,0,0
0.00,-20.87,11.56,0,0
0.00,-20.55,11.52,0,0
0.00,-20.55,11.68,0,0
0.00,-20.66,11.54,0,0
0.00,-20.66,11.33,0,0
0.00,-20.34,11.26,0,0
0.00,-20.34,11.38,0,0
0.00,-20.55,11.50,0,0
0.00,-20.55,11.34,0,0
0.00,-20.24,11.39,0,0
0.00,-20.24,11.32,0,0
0.00,-20.24,11.29,0,0
0.00,-20.24,11.29,0,0
0.00,-20.02,11.27,0,0
0.00,-20.02,11.26,0,0
0.00,-19.81,11.21,0,0
0.00,-19.81,11.06,0,0
0.00,-19.70,10.94,0,0
0.00,-19.70,10.95,0,0
0.00,-19.81,11.02,0,0
0.00,-19.81,10.78,0,0
0.00,-19.60,10.87,0,0
0.00,-19.60,11.07,0,0
0.00,-19.38,10.85,0,0
0.00,-19.38,10.84,0,0
0.00,-19.17,10.81,0,0
0.00,-19.17,10.77,0,0
0.00,-19.06,10.56,0,0
0.00,-19.06,10.78,0,0
0.00,-18.75,10.79,0,0
0.00,-18.75,10.66,0,0
0.00,-18.74,10.66,0,0
0.00,-18.74,10.59,0,0
0.00,-18.53,10.56,0,0
0.00,-18.53,10.44,0,0
0.00,-18.32,10.77,0,0
0.00,-18.32,10.71,0,0
0.00,-18.32,10.43,0,0
0.00,-18.32,10.32,0,0
0.00,-18.11,10.43,0,0
0.00,-18.11,10.34,0,0
0.00,-18.00,10.21,0,0
0.00,-18.00,10.12,0,0
0.00,-18.11,10.15,0,0
0.00,-18.11,10.09,0,0
0.00,-18.21,10.16,0,0
0.00,-18.21,10.10,0,0
0.00,-18.43,10.03,0,0
0.00,-18.43,10.11,0,0
0.00,-18.32,10.20,0,0
0.00,-18.32,10.20,0,0
0.00,-18.53,10.25,0,0
0.00,-18.53,10.29,0,0
0.00,-18.85,10.25,0,0
0.00,-18.85,10.31,0,0
0.00,-18.64,10.43,0,0
0.00,-18.64,10.47,0,0
0.00,-18.96,10.39,0,0
0.00,-18.96,10.63,0,0
0.00,-18.96,10.69,0,0
0.00,-18.96,10.67,0,0
0.00,-19.28,10.82,0,0
0.00,-19.28,11.03,0,0
0.00,-19.49,11.05,0,0
0.00,-19.49,11.17,0,0
0.00,-19.60,11.27,0,0
0.00,-19.70,11.37,0,0
0.00,-19.70,11.43,0,0
0.00,-19.70,11.42,0,0
0.00,-20.02,11.45,0,0
0.00,-19.92,11.51,0,0
0.00,-19.92,11.46,0,0
0.00,-20.13,11.62,0,0
0.00,-20.13,11.56,0,0
0.00,-20.13,11.57,0,0
0.00,-20.34,11.74,0,0
0.00,-20.45,11.61,0,0
0.00,-20.45,11.57,0,0
0.00,-20.66,11.77,0,0
0.00,-20.66,11.65,0,0
0.00,-20.77,11.57,0,0
0.00,-20.77,11.78,0,0
0.00,-20.98,11.82,0,0
0.00,-20.98,11.74,0,0
0.00,-20.98,11.90,0,0
0.00,-20.98,11.89,0,0
0.00,-20.98,12.28,0,0
0.00,-20.98,12.01,0,0
0.00,-21.19,12.02,0,0
0.00,-21.19,11.95,0,0
0.00,-21.30,12.23,0,0
0.00,-21.30,12.23,0,0
0.00,-21.40,12.32,0,0
0.00,-21.40,12.30,0,0
0.00,-21.41,12.53,0,0
0.00,-21.41,12.46,0,0
0.00,-21.51,12.41,0,0
0.00,-21.51,12.52,0,0
0.00,-21.51,12.44,0,0
0.00,-21.51,12.44,0,0
0.00,-21.72,12.51,0,0
0.00,-21.72,12.33,0,0
0.00,-21.83,12.38,0,0
0.00,-21.83,12.19,0,0
0.00,-21.73,12.23,0,0
0.00,-21.73,12.32,0,0
0.00,-21.83,12.38,0,0
0.00,-21.83,12.26,0,0
0.00,-21.94,12.11,0,0
0.00,-21.94,12.20,0,0
0.00,-21.94,12.34,0,0
0.00,-21.94,12.16,0,0
0.00,-22.05,12.05,0,0
0.00,-22.05,12.14,0,0
0.00,-21.94,12.08,0,0
0.00,-21.94,12.19,0,0
0.00,-21.83,12.17,0,0
0.00,-21.83,12.14,0,0
0.00,-22.05,12.21,0,0
0.00,-22.05,12.29,0,0
0.00,-21.62,12.25,0,0
0.00,-21.62,12.27,0,0
0.00,-21.94,12.26,0,0
0.00,-21.94,12.40,0,0
0.00,-21.62,12.43,0,0
0.00,-21.62,12.68,0,0
0.00,-21.62,12.42,0,0
0.00,-21.62,12.45,0,0
0.00,-21.41,12.31,0,0
0.00,-21.41,12.34,0,0
0.00,-21.30,12.36,0,0
0.00,-21.30,12.26,0,0
0.00,-21.09,12.17,0,0
0.00,-21.09,12.21,0,0
0.00,-20.87,12.12,0,0
0.00,-20.87,12.03,0,0
0.00,-20.77,11.90,0,0
0.00,-20.77,11.85,0,0
0.00,-20.77,11.75,0,0
0.00,-20.77,11.65,0,0
0.00,-20.55,11.63,0,0
0.00,-20.55,11.69,0,0
0.00,-20.55,11.65,0,0
0.00,-20.55,11.52,0,0
0.00,-20.45,11.57,0,0
0.00,-20.45,11.43,0,0
0.00,-20.24,11.29,0,0
0.00,-20.13,11.33,0,0
0.00,-20.13,11.22,0,0
0.00,-20.13,11.23,0,0
0.00,-19.92,11.22,0,0
0.00,-19.92,11.00,0,0
0.00,-19.92,11.07,0,0
0.00,-19.81,10.80,0,0
0.00,-19.81,10.91,0,0
0.00,-19.81,10.92,0,0
0.00,-19.81,11.06,0,0
0.00,-19.49,11.00,0,0
0.00,-19.49,10.92,0,0
0.00,-19.49,10.86,0,0
0.00,-19.49,10.81,0,0
0.00,-19.28,10.91,0,0
0.00,-19.28,10.79,0,0
0.00,-19.28,10.76,0,0
0.00,-19.28,10.63,0,0
0.00,-19.06,10.70,0,0
0.00,-19.06,10.75,0,0
0.00,-19.06,10.56,0,0
0.00,-19.06,10.50,0,0
0.00,-19.06,10.51,0,0
0.00,-19.06,10.63,0,0
0.00,-18.96,10.67,0,0
0.00,-18.96,10.78,0,0
0.00,-18.96,10.69,0,0
0.00,-18.96,10.87,0,0
0.00,-18.85,10.68,0,0
0.00,-18.85,10.91,0,0
0.00,-18.96,10.98,0,0
0.00,-18.96,11.01,0,0
0.00,-18.96,11.14,0,0
0.00,-18.96,10.83,0,0
0.00,-18.96,11.02,0,0
0.00,-18.96,10.90,0,0
0.00,-19.17,11.06,0,0
0.00,-19.17,10.98,0,0
0.00,-19.28,10.97,0,0
0.00,-19.28,11.07,0,0
0.00,-19.38,11.00,0,0
0.00,-19.38,10.98,0,0
0.00,-19.38,10.98,0,0
0.00,-19.38,10.98,0,0
0.00,-19.60,11.05,0,0
0.00,-19.60,11.15,0,0
0.00,-19.70,11.01,0,0
0.00,-19.70,11.02,0,0
0.00,-19.60,11.07,0,0
0.00,-19.60,11.10,0,0
0.00,-19.70,11.11,0,0
0.00,-19.70,11.14,0,0
0.00,-19.81,11.13,0,0
0.00,-19.81,11.16,0,0
0.00,-19.92,11.29,0,0
0.00,-19.92,11.17,0,0
0.00,-19.92,11.17,0,0
0.00,-19.92,11.28,0,0
0.00,-19.81,11.25,0,0
0.00,-19.81,11.22,0,0
0.00,-20.02,11.53,0,0
0.00,-20.02,11.47,0,0
0.00,-20.34,11.44,0,0
0.00,-20.34,11.56,0,0
0.00,-20.24,11.57,0,0
0.00,-20.24,11.74,0,0
0.00,-20.56,11.63,0,0
0.00,-20.56,11.60,0,0
0.00,-20.77,11.66,0,0
0.00,-20.77,11.69,0,0
0.00,-20.98,11.69,0,0
0.00,-20.98,11.62,0,0
0.00,-21.09,11.64,0,0
0.00,-21.09,11.79,0,0
0.00,-21.30,11.76,0,0
0.00,-21.41,11.99,0,0
0.00,-21.41,12.02,0,0
0.00,-21.41,12.02,0,0
0.00,-21.51,12.05,0,0
0.00,-21.72,12.30,0,0
0.00,-21.72,12.62,0,0
0.00,-21.83,12.51,0,0
0.00,-21.83,12.66,0,0
0.00,-21.83,12.49,0,0
0.00,-21.94,12.65,0,0
0.00,-22.04,12.66,0,0
0.00,-22.04,12.66,0,0
0.00,-22.26,12.78,0,0
0.00,-22.26,12.81,0,0
0.00,-22.36,12.87,0,0
0.00,-22.36,13.03,0,0
0.00,-22.68,12.93,0,0
0.00,-22.68,13.33,0,0
0.00,-22.79,13.26,0,0
0.00,-22.79,13.23,0,0
0.00,-22.89,13.25,0,0
0.00,-22.89,13.23,0,0
0.00,-23.00,13.18,0,0
0.00,-23.00,13.30,0,0
0.00,-23.21,13.28,0,0
0.00,-23.21,13.05,0,0
0.00,-23.22,13.15,0,0
0.00,-23.22,13.06,0,0
0.00,-23.22,13.03,0,0
0.00,-23.22,13.11,0,0
0.00,-23.00,13.10,0,0
0.00,-23.00,13.00,0,0
0.00,-23.00,12.72,0,0
0.00,-23.00,12.74,0,0
0.00,-23.11,12.70,0,0
0.00,-23.11,12.72,0,0
0.00,-22.79,12.78,0,0
0.00,-22.79,12.76,0,0
0.00,-22.58,12.79,0,0
0.00,-22.58,12.58,0,0
0.00,-22.47,12.58,0,0
0.00,-22.47,12.55,0,0
0.00,-22.26,12.58,0,0
0.00,-22.26,12.52,0,0
0.00,-22.04,12.56,0,0
0.00,-22.04,12.40,0,0
0.00,-21.83,12.36,0,0
0.00,-21.83,12.60,0,0
0.00,-21.94,12.38,0,0
0.00,-21.94,12.30,0,0
0.00,-21.62,12.46,0,0
0.00,-21.62,12.33,0,0
0.00,-21.62,12.44,0,0
0.00,-21.62,12.60,0,0
0.00,-21.51,12.45,0,0
0.00,-21.51,12.41,0,0
0.00,-21.51,12.40,0,0
0.00,-21.51,12.30,0,0
0.00,-21.30,12.14,0,0
0.00,-21.30,12.28,0,0
0.00,-21.30,12.14,0,0
0.00,-21.30,12.30,0,0
0.00,-21.30,12.23,0,0
0.00,-21.30,12.16,0,0
0.00,-21.19,11.92,0,0
0.00,-21.19,12.05,0,0
0.00,-21.19,11.93,0,0
0.00,-21.19,11.97,0,0
0.00,-21.19,11.97,0,0
0.00,-21.19,11.85,0,0
0.00,-21.19,11.88,0,0
0.00,-21.19,11.83,0,0
0.00,-20.87,11.81,0,0
0.00,-20.87,11.81,0,0
0.00,-20.87,11.67,0,0
0.00,-20.55,11.57,0,0
0.00,-20.55,11.49,0,0
0.00,-20.55,11.49,0,0
0.00,-20.34,11.40,0,0
0.00,-20.24,11.42,0,0
0.00,-20.24,11.26,0,0
0.00,-20.02,11.23,0,0
0.00,-20.02,11.24,0,0
0.00,-20.02,11.16,0,0
0.00,-19.92,11.12,0,0
0.00,-19.60,11.12,0,0
-2.21,-19.60,11.14,0,0
-2.21,-19.49,10.84,0,0
-2.21,-19.49,10.89,0,0
-2.21,-19.28,10.74,0,0
-2.21,-19.28,10.63,0,0
-2.21,-19.06,10.60,0,0
-2.21,-19.06,10.53,0,0
-2.21,-19.17,10.53,0,0
-2.21,-19.17,10.50,0,0
-2.21,-18.85,10.42,0,0
-2.21,-18.85,10.57,0,0
-2.21,-18.96,10.73,0,0
-2.21,-18.96,10.61,0,0
-2.21,-18.74,10.68,0,0
-2.21,-18.74,10.72,0,0
-2.21,-18.74,10.65,0,0
-2.21,-18.74,10.61,0,0
-2.21,-18.96,10.83,0,0
-2.21,-18.96,10.68,0,0
-2.21,-18.85,10.80,0,0
-2.21,-18.85,10.76,0,0
-2.21,-18.96,10.95,0,0
-2.21,-18.96,11.07,0,0
-2.21,-19.28,10.93,0,0
-2.21,-19.28,11.13,0,0
-2.21,-19.28,11.17,0,0
-2.21,-19.28,11.09,0,0
-2.21,-19.49,11.15,0,0
-2.21,-19.49,11.23,0,0
-2.21,-19.60,11.27,0,0
-2.21,-19.60,11.16,0,0
-2.21,-19.81,11.28,0,0
-5.49,-19.81,11.21,0,0
-5.49,-19.70,11.40,0,0
-5.49,-19.70,11.35,0,0
-5.49,-20.02,11.40,0,0
-5.49,-20.02,11.36,0,0
-5.49,-20.02,11.26,0,0
-5.49,-20.02,11.37,0,0
-5.49,-20.02,11.40,0,0
-5.49,-20.02,11.52,0,0
-5.49,-19.92,11.41,0,0
-5.49,-19.92,11.55,0,0
-5.49,-19.81,11.69,0,0
-5.49,-19.81,11.92,0,0
-5.49,-19.81,12.03,0,0
-5.49,-19.81,12.08,0,0
-5.49,-19.81,12.39,0,0
-5.49,-19.81,12.46,0,0
-5.49,-19.81,12.68,0,0
-5.49,-19.81,12.83,0,0
-5.49,-19.60,12.77,0,0
-5.49,-19.60,13.20,0,0
-5.49,-19.49,13.48,0,0
-5.49,-19.49,13.54,0,0
-5.49,-19.60,13.96,0,0
-5.49,-19.60,14.14,0,0
-5.49,-19.60,14.37,0,0
-5.49,-19.60,14.64,0,0
-5.49,-19.28,15.04,0,0
-5.49,-19.28,15.47,0,0
-5.49,-19.38,15.55,0,0
-5.49,-19.38,15.62,0,0
-5.49,-19.28,15.96,0,0
-5.49,-19.60,16.32,0,0
-5.49,-19.60,16.59,0,0
-5.49,-19.60,16.92,0,0
-5.49,-19.60,17.00,0,0
-5.49,-19.60,17.11,0,0
-5.49,-19.92,17.44,0,0
-5.49,-20.13,17.50,0,0
-5.49,-20.13,17.70,0,0
-5.49,-20.13,17.80,0,0
-9.14,-20.34,18.02,0,0
-9.14,-20.66,18.28,0,0
-9.14,-20.66,18.65,0,0
-9.14,-20.87,18.60,0,0
-9.14,-20.87,18.69,0,0
-9.14,-20.87,18.90,0,0
-9.14,-21.19,18.84,0,0
-9.14,-21.30,19.03,0,0
-9.14,-21.30,19.07,0,0
-9.14,-21.30,19.23,0,0
-9.14,-21.30,19.26,0,0
-9.14,-21.30,19.37,0,0
-9.14,-21.30,19.35,0,0
-9.14,-21.51,19.31,0,0
-9.14,-21.51,19.31,0,0
-9.14,-21.51,19.49,0,0
-9.14,-21.51,19.46,0,0
-9.14,-21.41,19.64,0,0
-9.14,-21.41,19.48,0,0
-9.14,-21.51,19.59,0,0
-9.14,-21.51,19.77,0,0
-9.14,-21.19,19.71,0,0
-9.14,-21.19,19.63,0,0
-9.14,-20.98,19.66,0,0
-9.14,-20.98,19.68,0,0
-9.14,-20.77,19.44,0,0
-9.14,-20.77,19.71,0,0
-9.14,-20.45,19.49,0,0
-9.14,-20.45,19.45,0,0
-9.14,-20.23,19.37,0,0
-9.14,-20.23,19.47,0,0
-9.14,-20.13,19.44,0,0
-9.14,-20.13,19.39,0,0
-9.14,-19.92,19.27,0,0
-9.14,-19.92,19.27,0,0
-9.14,-19.81,19.19,0,0
-9.14,-19.81,19.24,0,0
-9.14,-19.70,19.13,0,0
-9.14,-19.70,19.18,0,0
-12.77,-19.81,18.98,0,0
-12.77,-19.81,18.88,0,0
-12.77,-19.81,19.01,0,0
-12.77,-19.81,18.98,0,0
-12.77,-19.81,18.93,0,0
-12.77,-19.81,19.05,0,0
-12.77,-20.02,18.95,0,0
-12.77,-20.02,19.11,0,0
-12.77,-20.13,18.88,0,0
-12.77,-20.13,19.09,0,0
-12.77,-20.23,19.30,0,0
-12.77,-20.23,19.42,0,0
-12.77,-20.02,19.29,0,0
-12.77,-20.02,19.46,0,0
-12.77,-20.45,19.73,0,0
-12.77,-20.45,20.03,0,0
-12.77,-20.45,20.08,0,0
-12.77,-20.45,20.33,0,0
-12.77,-20.34,20.40,0,0
-12.77,-20.34,20.63,0,0
-12.77,-20.45,20.74,0,0
-12.77,-20.45,20.81,0,0
-12.77,-20.45,21.05,0,0
-12.77,-20.45,21.20,0,0
-12.77,-20.13,21.35,0,0
-12.77,-20.13,21.39,0,0
-12.77,-20.23,21.58,0,0
-12.77,-20.23,21.95,0,0
-12.77,-19.81,22.13,0,0
-12.77,-19.81,22.28,0,0
-12.77,-19.70,22.51,0,0
-12.77,-19.70,22.50,0,0
-12.77,-19.60,22.58,0,0
-12.77,-19.28,22.85,0,0
-12.77,-19.28,22.94,0,0
-12.77,-19.28,23.20,0,0
-12.77,-19.06,23.12,0,0
-12.77,-19.17,23.28,0,0
-12.77,-19.17,23.40,0,0
-12.77,-18.85,23.44,0,0
-12.77,-18.85,23.28,0,0
-12.77,-18.85,23.29,0,0
-12.77,-18.74,23.23,0,0
-12.77,-18.74,23.36,0,0
-16.19,-18.74,23.36,0,0
-16.19,-18.74,23.38,0,0
-16.19,-18.74,23.51,0,0
-16.19,-18.64,23.48,0,0
-16.19,-18.64,23.23,0,0
-16.19,-18.64,23.24,0,0
-16.19,-18.64,23.25,0,0
-16.19,-18.74,23.43,0,0
-16.19,-18.74,23.16,0,0
-16.19,-18.85,23.22,0,0
-16.19,-18.85,23.23,0,0
-19.26,-18.96,23.14,0,0
-19.26,-18.96,23.21,0,0
-19.26,-19.28,23.05,0,0
-19.26,-19.28,23.11,0,0
-19.26,-19.38,23.07,0,0
-19.26,-19.38,22.98,0,0
-19.26,-19.28,23.12,0,0
-19.26,-19.28,23.18,0,0
-19.26,-19.49,23.40,0,0
-19.26,-19.49,23.41,0,0
-19.26,-19.60,23.40,0,0
-19.26,-19.60,23.48,0,0
-19.26,-19.70,23.77,0,0
-19.26,-19.70,23.70,0,0
-19.26,-19.60,23.84,0,0
-19.26,-19.60,23.97,0,0
-19.26,-19.70,23.98,0,0
-19.26,-19.70,24.08,0,0
-19.26,-19.70,24.23,0,0
-19.26,-19.70,24.47,0,0
-19.26,-19.70,24.65,0,0
-19.26,-19.70,24.83,0,0
-19.26,-19.60,24.90,0,0
-19.26,-19.60,25.04,0,0
-19.26,-19.49,25.24,0,0
-19.26,-19.49,25.43,0,0
-19.26,-19.28,25.65,0,0
-19.26,-19.28,25.55,0,0
-19.26,-19.06,25.87,0,0
-19.26,-19.06,26.03,0,0
-19.26,-19.17,26.12,0,0
-19.26,-19.17,26.39,0,0
-19.26,-18.96,26.52,0,0
-19.26,-18.96,26.59,0,0
-19.26,-18.96,26.84,0,0
-19.26,-18.96,26.89,0,0
-19.26,-19.17,27.26,0,0
-19.26,-19.17,27.39,0,0
-21.95,-18.85,27.53,0,0
-21.95,-18.85,27.76,0,0
-21.95,-18.85,27.99,0,0
-21.95,-18.85,28.09,0,0
-21.95,-19.06,28.36,0,0
-21.95,-19.06,28.61,0,0
-21.95,-18.96,28.73,0,0
-21.95,-18.96,28.96,0,0
-21.95,-19.17,29.26,0,0
-21.95,-19.17,29.29,0,0
-21.95,-19.06,29.49,0,0
-21.95,-19.06,29.54,0,0
-21.95,-19.17,29.72,0,0
-21.95,-19.17,29.87,0,0
-21.95,-19.28,29.97,0,0
-21.95,-19.28,30.25,0,0
-21.95,-19.38,30.39,0,0
-21.95,-19.38,30.53,0,0
-21.95,-19.49,30.88,0,0
-21.95,-19.49,31.07,0,0
-21.95,-19.49,31.10,0,0
-21.95,-19.60,31.25,0,0
-21.95,-19.60,31.48,0,0
-21.95,-19.60,31.57,0,0
-21.95,-19.60,31.77,0,0
-21.95,-19.70,31.88,0,0
-21.95,-19.70,31.89,0,0
-21.95,-19.49,31.97,0,0
-21.95,-19.49,31.98,0,0
-21.95,-19.38,31.95,0,0
-21.95,-19.38,31.87,0,0
-21.95,-19.38,31.79,0,0
-21.95,-19.38,31.87,0,0
-24.24,-19.38,31.76,0,0
-24.24,-19.38,31.80,0,0
-24.24,-19.49,31.69,0,0
-24.24,-19.49,31.62,0,0
-24.24,-19.49,31.48,0,0
-24.24,-19.49,31.37,0,0
-24.24,-19.60,31.19,0,0
-24.24,-19.60,31.12,0,0
-24.24,-19.49,30.95,0,0
-24.24,-19.49,30.88,0,0
-24.24,-19.81,30.72,0,0
-24.24,-19.81,30.65,0,0
-24.24,-19.70,30.55,0,0
-24.24,-19.70,30.31,0,0
-24.24,-19.49,30.23,0,0
-24.24,-19.49,30.15,0,0
-24.24,-19.60,30.06,0,0
-24.24,-19.60,30.07,0,0
-24.24,-19.70,30.05,0,0
-24.24,-19.70,29.89,0,0
-24.24,-19.60,30.02,0,0
-24.24,-19.60,30.06,0,0
-24.24,-19.60,30.43,0,0
-24.24,-19.60,30.56,0,0
-24.24,-19.70,30.50,0,0
-24.24,-19.70,30.47,0,0
-24.24,-19.81,30.53,0,0
-24.24,-19.81,30.75,0,0
-24.24,-20.13,30.86,0,0
-24.24,-20.13,30.97,0,0
-24.24,-20.34,31.23,0,0
-24.24,-20.34,31.33,0,0
-24.24,-20.34,31.46,0,0
-24.24,-20.34,31.68,0,0
-24.24,-20.66,31.77,0,0
-24.24,-20.66,31.90,0,0
-26.17,-20.66,32.26,0,0
-26.17,-20.66,32.50,0,0
-26.17,-20.98,32.62,0,0
-26.17,-20.98,32.81,0,0
-26.17,-21.19,32.89,0,0
-26.17,-21.19,33.27,0,0
-26.17,-21.30,33.39,0,0
-26.17,-21.30,33.68,0,0
-26.17,-21.51,33.97,0,0
-26.17,-21.51,34.14,0,0
-26.17,-21.83,34.23,0,0
-26.17,-21.83,34.32,0,0
-26.17,-21.83,34.71,0,0
-26.17,-21.83,34.76,0,0
-26.17,-21.83,34.97,0,0
-26.17,-21.83,35.09,0,0
-26.17,-21.83,35.31,0,0
-26.17,-21.83,35.43,0,0
-26.17,-21.94,35.78,0,0
-26.17,-21.94,35.94,0,0
-26.17,-21.62,36.06,0,0
-26.17,-21.62,36.11,0,0
-26.17,-21.72,36.48,0,0
-26.17,-21.72,36.67,0,0
-26.17,-21.51,36.72,0,0
-26.17,-21.51,36.95,0,0
-26.17,-21.51,37.21,0,0
-26.17,-21.40,37.25,0,0
-26.17,-21.40,37.34,0,0
-26.17,-21.40,37.42,0,0
-26.17,-21.40,37.36,0,0
-26.17,-21.40,37.67,0,0
-26.17,-21.40,37.80,0,0
-26.17,-21.40,37.55,0,0
-26.17,-21.40,37.75,0,0
-26.17,-21.40,37.87,0,0
-26.17,-21.30,37.63,0,0
-27.81,-21.51,37.67,0,0
-27.81,-21.51,37.71,0,0
-27.81,-21.51,37.31,0,0
-27.81,-21.51,37.47,0,0
-27.81,-21.62,37.39,0,0
-27.81,-21.62,37.33,0,0
-27.81,-21.72,37.16,0,0
-27.81,-21.72,37.16,0,0
-27.81,-21.83,37.31,0,0
-27.81,-21.83,37.02,0,0
-27.81,-21.62,37.00,0,0
-29.16,-21.62,37.03,0,0
-29.16,-21.62,37.03,0,0
-29.16,-21.62,36.84,0,0
-29.16,-21.51,36.88,0,0
-29.16,-21.51,36.93,0,0
-29.16,-21.51,36.80,0,0
-29.16,-21.51,36.79,0,0
-29.16,-21.19,36.78,0,0
-29.16,-21.19,36.91,0,0
-29.16,-21.09,36.96,0,0
-29.16,-21.09,37.05,0,0
-29.16,-20.98,36.99,0,0
-29.16,-20.98,36.91,0,0
-29.16,-20.87,36.87,0,0
-29.16,-20.87,36.93,0,0
-29.16,-20.87,36.89,0,0
-29.16,-20.87,36.92,0,0
-29.16,-20.66,36.89,0,0
-29.16,-20.66,37.03,0,0
-29.16,-20.87,37.08,0,0
-29.16,-20.87,37.13,0,0
-29.16,-20.66,37.09,0,0
-29.16,-20.66,37.13,0,0
-29.16,-20.45,37.12,0,0
-29.16,-20.45,37.09,0,0
-29.16,-20.45,37.24,0,0
-29.16,-20.45,37.25,0,0
-29.16,-20.34,37.16,0,0
-29.16,-20.34,37.12,0,0
-29.16,-20.13,36.97,0,0
-29.16,-20.13,36.97,0,0
-29.16,-20.13,36.97,0,0
-29.16,-20.13,36.88,0,0
-29.16,-20.02,36.78,0,0
-29.16,-20.02,36.78,0,0
-29.16,-20.02,36.86,0,0
-29.16,-20.02,36.87,0,0
-30.30,-20.02,36.75,0,0
-30.30,-20.02,36.75,0,0
-30.30,-20.02,36.77,0,0
-30.30,-20.02,36.64,0,0
-30.30,-20.02,36.69,0,0
-30.30,-20.02,36.73,0,0
-30.30,-19.91,36.61,0,0
-30.30,-19.91,36.53,0,0
-30.30,-19.81,36.51,0,0
-30.30,-19.81,36.58,0,0
-30.30,-19.70,36.52,0,0
-30.30,-19.70,36.64,0,0
-30.30,-19.70,36.46,0,0
-30.30,-19.70,36.52,0,0
-30.30,-19.70,36.74,0,0
-30.30,-19.70,36.76,0,0
-30.30,-19.70,36.66,0,0
-30.30,-19.60,36.61,0,0
-30.30,-19.60,36.84,0,0
-30.30,-19.60,37.10,0,0
-30.30,-19.60,37.27,0,0
-30.30,-19.60,37.35,0,0
-30.30,-19.38,37.32,0,0
-30.30,-19.49,37.55,0,0
-30.30,-19.49,37.63,0,0
-30.30,-19.49,37.74,0,0
-30.30,-19.49,37.96,0,0
-30.30,-19.28,37.93,0,0
-30.30,-19.28,38.32,0,0
-30.30,-19.17,38.40,0,0
-30.30,-19.17,38.61,0,0
-30.30,-19.17,38.63,0,0
-30.30,-19.17,38.81,0,0
-31.20,-19.28,38.99,0,0
-31.20,-19.28,39.17,0,0
-31.20,-19.28,39.31,0,0
-31.20,-19.28,39.38,0,0
-31.20,-19.49,39.67,0,0
-31.20,-19.49,39.69,0,0
-31.20,-19.60,39.79,0,0
-31.20,-19.60,40.02,0,0
-31.20,-19.70,40.04,0,0
-31.20,-19.70,40.37,0,0
-31.20,-19.81,40.68,0,0
-31.20,-19.81,40.77,0,0
-31.20,-19.92,40.84,0,0
-31.20,-19.92,41.08,0,0
-31.20,-20.02,41.24,0,0
-31.20,-20.02,41.56,0,0
-31.20,-20.34,41.64,0,0
-31.20,-20.34,41.83,0,0
-31.20,-20.23,42.07,0,0
-31.20,-20.23,42.01,0,0
-31.20,-20.34,42.30,0,0
-31.20,-20.34,42.32,0,0
-31.20,-20.34,42.62,0,0
-31.20,-20.34,42.64,0,0
-31.20,-20.55,42.84,0,0
-31.20,-20.55,42.95,0,0
-31.20,-20.55,42.84,0,0
-31.20,-20.55,42.91,0,0
-31.20,-20.77,42.80,0,0
-31.20,-20.77,43.01,0,0
-31.20,-20.77,43.02,0,0
-31.20,-20.77,42.90,0,0
-31.20,-20.77,42.75,0,0
-31.20,-20.77,42.91,0,0
-31.20,-20.98,42.94,0,0
-31.20,-20.98,42.65,0,0
-31.20,-20.87,42.62,0,0
-31.20,-20.87,42.44,0,0
-31.20,-20.66,42.40,0,0
-31.20,-20.66,42.18,0,0
-31.20,-20.77,41.97,0,0
-31.97,-20.77,41.94,0,0
-31.97,-20.77,41.62,0,0
-31.97,-20.77,41.43,0,0
-31.97,-20.66,41.38,0,0
-31.97,-20.66,41.12,0,0
-31.97,-20.55,40.94,0,0
-31.97,-20.55,40.89,0,0
-31.97,-20.77,40.47,0,0
-31.97,-20.77,40.28,0,0
-31.97,-20.55,40.15,0,0
-31.97,-20.55,39.82,0,0
-31.97,-20.55,39.96,0,0
-31.97,-20.55,39.69,0,0
-31.97,-20.55,39.39,0,0
-31.97,-20.55,39.09,0,0
-31.97,-20.45,39.17,0,0
-31.97,-20.45,38.91,0,0
-31.97,-20.45,38.86,0,0
-31.97,-20.23,38.86,0,0
-32.59,-20.23,38.71,0,0
-32.59,-20.23,38.77,0,0
-32.59,-20.23,38.87,0,0
-32.59,-20.23,38.64,0,0
-32.59,-20.02,38.82,0,0
-32.59,-20.02,38.87,0,0
-32.59,-20.02,38.98,0,0
-32.59,-20.02,39.12,0,0
-32.59,-20.02,39.17,0,0
-32.59,-19.81,39.21,0,0
-32.59,-19.81,39.53,0,0
-32.59,-19.81,39.58,0,0
-32.59,-19.81,39.71,0,0
-32.59,-19.81,39.91,0,0
-32.59,-19.38,39.91,0,0
-32.59,-19.28,39.94,0,0
-32.59,-19.28,39.90,0,0
-32.59,-19.06,40.06,0,0
-32.59,-19.06,40.14,0,0
-32.59,-18.85,40.44,0,0
-32.59,-18.85,40.38,0,0
-32.59,-18.75,40.45,0,0
-32.59,-18.75,40.72,0,0
-32.59,-18.21,40.72,0,0
-32.59,-18.21,40.84,0,0
-32.59,-18.00,41.01,0,0
-32.59,-18.00,41.18,0,0
-32.59,-17.68,41.17,0,0
-32.59,-17.68,41.24,0,0
-32.59,-17.36,41.26,0,0
-32.59,-17.36,41.14,0,0
-32.59,-17.04,41.09,0,0
-32.59,-17.04,40.97,0,0
-32.59,-16.62,40.99,0,0
-33.08,-16.62,41.02,0,0
-33.08,-16.30,41.03,0,0
-33.08,-16.30,40.83,0,0
-33.08,-16.19,40.63,0,0
-33.08,-16.19,40.55,0,0
-33.08,-15.77,40.59,0,0
-33.08,-15.77,40.25,0,0
-33.08,-15.55,40.17,0,0
-33.08,-15.55,39.90,0,0
-33.08,-15.45,39.99,0,0
-33.08,-15.45,39.66,0,0
-33.08,-15.23,39.54,0,0
-33.08,-15.23,39.29,0,0
-33.08,-15.02,39.18,0,0
-33.08,-15.02,38.95,0,0
-33.08,-14.81,38.56,0,0
-33.08,-14.81,38.48,0,0
-33.08,-14.60,38.43,0,0
-33.08,-14.60,38.08,0,0
-33.08,-14.38,37.78,0,0
-33.08,-14.38,37.89,0,0
-33.08,-14.17,37.67,0,0
-33.08,-14.17,37.60,0,0
-33.08,-13.96,37.08,0,0
-33.08,-13.96,37.14,0,0
-33.08,-13.85,36.75,0,0
-33.08,-13.85,36.63,0,0
-33.48,-13.64,36.57,0,0
-33.48,-13.64,36.19,0,0
-33.48,-13.43,36.13,0,0
-33.48,-13.43,36.27,0,0
-33.48,-13.32,36.03,0,0
-33.48,-13.32,36.01,0,0
-33.48,-13.11,35.84,0,0
-33.48,-13.11,35.68,0,0
-33.48,-12.90,35.75,0,0
-33.48,-12.90,35.58,0,0
-33.48,-12.79,35.59,0,0
-33.48,-12.79,35.49,0,0
-33.48,-12.68,35.41,0,0
-33.48,-12.68,35.38,0,0
-33.48,-12.58,35.43,0,0
-33.48,-12.58,35.36,0,0
-33.48,-12.47,35.27,0,0
-33.48,-12.47,35.37,0,0
-33.48,-12.36,35.39,0,0
-33.48,-12.26,35.21,0,0
-33.48,-12.26,35.50,0,0
-33.48,-12.26,35.45,0,0
-33.48,-12.04,35.39,0,0
-33.48,-12.15,35.69,0,0
-33.48,-12.15,35.69,0,0
-33.48,-12.04,35.72,0,0
-33.48,-12.04,35.66,0,0
-33.48,-12.04,35.59,0,0
-33.48,-12.04,35.89,0,0
-33.48,-12.15,36.05,0,0
-33.48,-12.15,36.08,0,0
-33.48,-12.15,36.12,0,0
-33.48,-12.15,36.17,0,0
-33.48,-12.04,36.22,0,0
-33.48,-12.04,36.41,0,0
-33.48,-12.15,36.56,0,0
-33.48,-12.15,36.61,0,0
-33.48,-12.26,36.69,0,0
-33.79,-12.26,36.68,0,0
-33.79,-12.47,36.70,0,0
-33.79,-12.47,36.73,0,0
-33.79,-12.36,36.63,0,0
-33.79,-12.36,36.72,0,0
-33.79,-12.26,36.88,0,0
-33.79,-12.26,36.64,0,0
-33.79,-12.47,36.58,0,0
-33.79,-12.47,36.63,0,0
-33.79,-12.26,36.65,0,0
-33.79,-12.26,36.57,0,0
-33.79,-12.36,36.71,0,0
-33.79,-12.36,36.55,0,0
-33.79,-12.47,36.41,0,0
-33.79,-12.47,36.27,0,0
-33.79,-12.26,36.26,0,0
-33.79,-12.26,36.08,0,0
-33.79,-12.26,36.09,0,0
-33.79,-12.26,36.15,0,0
-33.79,-12.15,36.04,0,0
-33.79,-12.15,35.79,0,0
-33.79,-12.15,35.86,0,0
-33.79,-12.15,35.85,0,0
-33.79,-11.94,35.82,0,0
-33.79,-11.94,35.64,0,0
-33.79,-11.94,35.67,0,0
-33.79,-11.94,35.45,0,0
-33.79,-11.83,35.65,0,0
-33.79,-11.83,35.36,0,0
-33.79,-11.73,35.59,0,0
-33.79,-11.73,35.50,0,0
-33.79,-11.62,35.39,0,0
-33.79,-11.62,35.46,0,0
-33.79,-11.51,35.47,0,0
-33.79,-11.51,35.59,0,0
-33.79,-11.41,35.65,0,0
-33.79,-11.41,35.49,0,0
-33.79,-11.51,35.57,0,0
-33.79,-11.51,35.68,0,0
-33.79,-11.30,35.69,0,0
-33.79,-11.30,35.64,0,0
-33.79,-11.30,35.77,0,0
-33.79,-11.30,35.80,0,0
-33.79,-11.19,35.83,0,0
-33.79,-11.19,35.89,0,0
-33.79,-11.19,35.88,0,0
-33.79,-11.19,35.92,0,0
-33.79,-11.19,35.88,0,0
-33.79,-11.19,35.98,0,0
-33.79,-11.09,36.12,0,0
-33.79,-11.09,36.18,0,0
-33.79,-11.09,36.20,0,0
-33.79,-11.09,36.13,0,0
-33.79,-10.87,36.04,0,0
-33.79,-10.87,36.16,0,0
-33.79,-10.98,36.26,0,0
-33.79,-10.87,36.23,0,0
-33.79,-10.87,36.28,0,0
-33.79,-10.87,36.16,0,0
-33.79,-10.77,36.07,0,0
-33.79,-10.77,36.11,0,0
-33.79,-10.77,36.03,0,0
-33.79,-10.55,35.93,0,0
-33.79,-10.55,35.99,0,0
-33.79,-10.55,36.12,0,0
-33.79,-10.24,35.98,0,0
-33.79,-10.13,35.99,0,0
-33.79,-10.13,35.81,0,0
-33.79,-9.92,35.76,0,0
-33.79,-9.92,35.68,0,0
-33.79,-9.92,35.66,0,0
-33.79,-9.60,35.47,0,0
-33.79,-9.17,35.56,0,0
-33.79,-9.17,35.41,0,0
-33.79,-9.07,35.26,0,0
-33.79,-9.07,35.26,0,0
-33.79,-8.64,35.08,0,0
-33.79,-8.64,35.01,0,0
-33.79,-8.53,34.78,0,0
-33.79,-8.53,34.67,0,0
-33.79,-8.32,34.96,0,0
-33.79,-8.32,34.63,0,0
-33.79,-8.21,34.42,0,0
-33.79,-8.21,34.45,0,0
-33.79,-7.90,34.40,0,0
-34.05,-7.90,34.24,0,0
-34.05,-7.68,34.20,0,0
-34.05,-7.68,34.15,0,0
-34.05,-7.79,34.05,0,0
-34.05,-7.79,33.80,0,0
-34.05,-7.58,33.71,0,0
-34.05,-7.58,33.73,0,0
-34.05,-7.26,33.68,0,0
-34.05,-7.26,33.54,0,0
-34.05,-7.26,33.54,0,0
-34.05,-7.26,33.45,0,0
-34.05,-7.36,33.32,0,0
-34.05,-7.36,33.45,0,0
-34.05,-7.26,33.29,0,0
-34.05,-7.26,33.35,0,0
-34.05,-7.47,33.35,0,0
-34.05,-7.47,33.07,0,0
-34.05,-7.15,33.09,0,0
-34.05,-7.15,33.16,0,0
-34.05,-7.36,33.14,0,0
-34.05,-7.36,33.28,0,0
-34.05,-7.36,33.07,0,0
-34.05,-7.36,32.98,0,0
-34.05,-7.26,32.95,0,0
-34.05,-7.26,32.93,0,0
-34.05,-7.26,33.05,0,0
-34.05,-7.26,33.01,0,0
-34.05,-7.26,32.74,0,0
-34.05,-7.26,32.92,0,0
-34.05,-7.15,32.92,0,0
-34.05,-7.15,32.72,0,0
-34.05,-7.04,32.86,0,0
-34.05,-7.04,32.93,0,0
-34.05,-7.04,32.92,0,0
-34.05,-7.04,33.09,0,0
-34.05,-6.94,32.88,0,0
-34.05,-6.94,32.88,0,0
-34.25,-6.73,32.95,0,0
-34.25,-6.73,32.96,0,0
-34.25,-6.62,32.89,0,0
-34.25,-6.62,33.00,0,0
-34.25,-6.51,32.85,0,0
-34.25,-6.51,32.78,0,0
-34.25,-6.41,33.01,0,0
-34.25,-6.41,32.69,0,0
-34.25,-6.19,32.65,0,0
-34.25,-6.19,32.65,0,0
-34.25,-6.09,32.48,0,0
-34.25,-6.09,32.40,0,0
-34.25,-6.09,32.34,0,0
-34.25,-6.09,32.25,0,0
-34.25,-6.09,32.33,0,0
-34.25,-6.09,32.27,0,0
-34.25,-6.09,32.02,0,0
-34.25,-6.09,32.01,0,0
-34.25,-6.09,32.16,0,0
-34.25,-6.19,32.15,0,0
-34.25,-6.19,31.92,0,0
-34.25,-6.09,32.04,0,0
-34.25,-6.09,31.81,0,0
-34.25,-6.09,31.82,0,0
-34.25,-6.19,31.98,0,0
-34.25,-6.19,31.68,0,0
-34.25,-6.19,31.62,0,0
-34.25,-6.19,31.67,0,0
-34.25,-6.19,31.79,0,0
-34.25,-6.09,31.74,0,0
-34.25,-6.09,31.84,0,0
-34.25,-6.09,31.62,0,0
-34.25,-6.09,31.81,0,0
-34.25,-6.09,31.62,0,0
-34.25,-6.09,31.85,0,0
-34.25,-6.09,31.80,0,0
-34.25,-6.09,31.76,0,0
-34.25,-6.09,32.07,0,0
-34.25,-6.09,32.02,0,0
-34.25,-5.98,31.89,0,0
-34.25,-5.98,32.01,0,0
-34.25,-5.77,32.09,0,0
-34.25,-5.77,32.21,0,0
-34.25,-5.56,32.39,0,0
-34.41,-5.56,32.45,0,0
-34.41,-5.45,32.37,0,0
-34.41,-5.45,32.45,0,0
-34.41,-5.24,32.23,0,0
-34.41,-5.24,32.57,0,0
-34.41,-5.34,32.50,0,0
-34.41,-5.34,32.60,0,0
-34.41,-5.13,32.56,0,0
-34.41,-5.13,32.53,0,0
-34.41,-4.92,32.75,0,0
-34.41,-4.92,32.62,0,0
-34.41,-4.81,32.56,0,0
-34.41,-4.81,32.54,0,0
-34.41,-4.49,32.62,0,0
-34.41,-4.49,32.54,0,0
-34.41,-4.28,32.70,0,0
-34.41,-4.28,32.57,0,0
-34.41,-4.17,32.59,0,0
-34.41,-4.17,32.68,0,0
-34.41,-4.17,32.57,0,0
-34.41,-4.17,32.53,0,0
-34.41,-3.96,32.48,0,0
-34.41,-3.96,32.50,0,0
-34.41,-3.96,32.50,0,0
-34.41,-3.96,32.37,0,0
-34.41,-3.64,32.31,0,0
-34.41,-3.64,32.36,0,0
-34.41,-3.43,32.40,0,0
-34.41,-3.43,32.35,0,0
-34.41,-3.64,32.04,0,0
-34.41,-3.64,32.23,0,0
-34.41,-3.43,32.15,0,0
-34.41,-3.43,31.86,0,0
-34.41,-3.43,32.13,0,0
-34.41,-3.43,32.06,0,0
-34.41,-3.11,31.96,0,0
-34.41,-3.11,31.90,0,0
-34.54,-3.32,31.79,0,0
-34.54,-3.32,31.89,0,0
-34.54,-3.11,31.81,0,0
-34.54,-3.11,31.78,0,0
-34.54,-3.00,31.77,0,0
-34.54,-3.00,31.67,0,0
-34.54,-2.79,31.80,0,0
-34.54,-2.79,31.66,0,0
-34.54,-2.47,31.58,0,0
-34.54,-2.47,31.44,0,0
-34.54,-2.47,31.35,0,0
-34.54,-2.47,31.31,0,0
-34.54,-2.15,31.30,0,0
-34.54,-2.15,31.06,0,0
-34.54,-2.15,31.05,0,0
-34.54,-2.05,31.07,0,0
-34.54,-2.05,30.98,0,0
-34.54,-2.05,30.75,0,0
-34.54,-1.83,30.73,0,0
-34.54,-1.62,30.55,0,0
-34.54,-1.62,30.65,0,0
-34.54,-1.41,30.41,0,0
-34.54,-1.41,30.36,0,0
-34.54,-1.41,30.32,0,0
-34.54,-1.41,30.25,0,0
-34.54,-0.98,30.25,0,0
-34.54,-0.98,30.02,0,0
-34.54,-0.98,30.06,0,0
-34.54,-0.98,29.94,0,0
-34.54,-0.87,29.99,0,0
-34.54,-0.87,29.85,0,0
-34.54,-0.87,29.72,0,0
-34.54,-0.87,29.80,0,0
-34.54,-0.77,29.79,0,0
-34.54,-0.77,29.85,0,0
-34.54,-0.98,29.66,0,0
-34.54,-0.98,29.56,0,0
-34.54,-0.87,29.81,0,0
-34.54,-0.87,29.69,0,0
-34.64,-0.66,29.80,0,0
-34.64,-0.66,29.62,0,0
-34.64,-0.77,29.54,0,0
-34.64,-0.77,29.73,0,0
-34.64,-0.77,29.63,0,0
-34.64,-0.77,29.73,0,0
-34.64,-0.66,29.52,0,0
-34.64,-0.66,29.67,0,0
-34.64,-0.77,29.62,0,0
-34.64,-0.77,29.57,0,0
-34.64,-0.77,29.65,0,0
-34.64,-0.77,29.47,0,0
-34.64,-0.77,29.41,0,0
-34.64,-0.77,29.40,0,0
-34.64,-0.66,29.58,0,0
-34.64,-0.66,29.33,0,0
-34.64,-0.77,29.20,0,0
-34.64,-0.77,29.26,0,0
-34.64,-0.45,29.14,0,0
-34.64,-0.45,29.07,0,0
-34.64,-0.45,28.69,0,0
-34.64,-0.45,28.72,0,0
-34.64,-0.56,28.70,0,0
-34.64,-0.56,28.61,0,0
-34.64,-0.45,28.45,0,0
-34.64,-0.45,28.45,0,0
-34.64,-0.34,28.38,0,0
-34.64,-0.34,28.41,0,0
-34.64,-0.24,28.10,0,0
-34.64,-0.24,28.13,0,0
-34.64,-0.13,28.16,0,0
-34.64,-0.13,28.14,0,0
-34.64,0.08,28.37,0,0
-34.64,0.08,28.08,0,0
-34.64,0.30,28.14,0,0
-34.64,0.30,28.15,0,0
-34.64,0.51,28.07,0,0
-34.64,0.51,28.16,0,0
-34.73,0.61,28.26,0,0
-34.73,0.61,28.10,0,0
-34.73,0.61,28.38,0,0
-34.73,0.61,28.47,0,0
-34.73,0.72,28.34,0,0
-34.73,0.72,28.67,0,0
-34.73,0.72,28.67,0,0
-34.73,0.72,28.59,0,0
-34.73,0.83,28.98,0,0
-34.73,0.83,29.10,0,0
-34.73,0.83,29.03,0,0
-34.73,0.83,29.01,0,0
-34.73,0.83,28.99,0,0
-34.73,0.93,29.16,0,0
-34.73,0.93,29.34,0,0
-34.73,0.93,29.52,0,0
-34.73,0.83,29.58,0,0
-34.73,0.61,29.45,0,0
-34.73,0.61,29.55,0,0
-34.73,0.40,29.74,0,0
-34.73,0.40,29.63,0,0
-34.73,0.40,29.69,0,0
-34.73,0.40,29.78,0,0
-34.73,0.29,29.85,0,0
-34.73,0.29,29.74,0,0
-34.73,0.08,29.71,0,0
-34.79,0.08,29.81,0,0
-34.79,0.08,29.75,0,0
-34.79,0.08,29.80,0,0
-34.79,-0.13,29.62,0,0
-34.79,-0.13,29.75,0,0
-34.79,-0.13,29.74,0,0
-34.79,-0.13,29.65,0,0
-34.79,-0.13,29.48,0,0
-34.79,-0.13,29.51,0,0
-34.79,-0.02,29.45,0,0
-34.79,-0.02,29.55,0,0
-34.79,0.08,29.51,0,0
-34.79,0.08,29.49,0,0
-34.79,0.08,29.60,0,0
-34.79,0.08,29.53,0,0
-34.79,0.08,29.62,0,0
-34.79,0.08,29.50,0,0
-34.79,0.19,29.43,0,0
-34.79,0.19,29.56,0,0
-34.79,0.40,29.59,0,0
-34.79,0.40,29.44,0,0
-34.79,0.30,29.36,0,0
-34.79,0.30,29.55,0,0
-34.79,0.40,29.61,0,0
-34.79,0.40,29.38,0,0
-34.79,0.40,29.36,0,0
-34.79,0.40,29.62,0,0
-34.79,0.40,29.64,0,0
-34.79,0.40,29.55,0,0
-34.79,0.40,29.74,0,0
-34.79,0.40,29.68,0,0
-34.79,0.30,29.79,0,0
-34.79,0.30,29.98,0,0
-34.79,0.30,29.95,0,0
-34.79,0.30,29.95,0,0
-34.79,0.08,29.81,0,0
-34.79,0.08,30.08,0,0
-34.79,0.08,29.80,0,0
-34.79,0.08,29.96,0,0
-34.79,-0.02,30.03,0,0
-34.79,-0.02,30.23,0,0
-34.79,-0.34,30.23,0,0
-34.79,-0.34,30.00,0,0
-34.79,-0.56,30.04,0,0
-34.79,-0.56,30.06,0,0
-34.79,-0.66,30.10,0,0
-34.79,-0.66,30.45,0,0
-34.79,-0.77,30.42,0,0
-34.79,-0.77,30.50,0,0
-34.79,-0.66,30.44,0,0
-34.79,-0.66,30.44,0,0
-34.79,-0.77,30.38,0,0
-34.79,-0.77,30.73,0,0
-34.79,-0.88,30.47,0,0
-34.79,-0.88,30.57,0,0
-34.79,-0.77,30.48,0,0
-34.79,-0.77,30.41,0,0
-34.79,-0.88,30.38,0,0
-34.79,-0.88,30.56,0,0
-34.79,-0.88,30.39,0,0
-34.79,-0.88,30.52,0,0
-34.85,-0.98,30.50,0,0
-34.85,-0.56,30.29,0,0
-34.85,-0.56,30.25,0,0
-34.85,-0.56,30.33,0,0
-34.85,-0.56,30.04,0,0
-34.85,-0.56,29.88,0,0
-34.85,-0.66,29.89,0,0
-34.85,-0.45,29.67,0,0
-34.85,-0.45,29.47,0,0
-34.85,-0.45,29.37,0,0
-34.85,-0.24,29.16,0,0
-34.85,-0.13,28.94,0,0
-34.85,-0.13,28.75,0,0
-34.85,-0.13,28.70,0,0
-34.85,-0.13,28.56,0,0
-34.85,-0.13,28.53,0,0
-34.85,-0.13,28.44,0,0
-34.85,0.19,28.19,0,0
-34.85,0.19,28.28,0,0
-34.85,0.30,28.11,0,0
-34.85,0.30,27.86,0,0
-34.85,0.19,27.74,0,0
-34.85,0.19,27.84,0,0
-34.85,0.40,27.56,0,0
-34.85,0.40,27.71,0,0
-34.85,0.51,27.75,0,0
-34.85,0.51,27.67,0,0
-34.85,0.51,27.69,0,0
-34.85,0.51,27.52,0,0
-34.85,0.61,27.78,0,0
-34.85,0.61,27.90,0,0
-34.85,0.72,27.95,0,0
-34.85,0.72,28.04,0,0
-34.85,0.72,28.16,0,0
-34.85,0.72,28.10,0,0
-34.85,0.93,28.32,0,0
-34.85,0.93,28.36,0,0
-34.85,1.04,28.31,0,0
-34.85,1.04,28.48,0,0
-34.85,1.15,28.44,0,0
-34.85,1.15,28.54,0,0
-34.85,1.25,28.71,0,0
-34.85,1.25,29.00,0,0
-34.85,1.36,28.88,0,0
-34.85,1.36,28.92,0,0
-34.85,1.57,29.07,0,0
-34.85,1.57,29.13,0,0
-34.85,1.78,29.17,0,0
-34.89,1.78,29.15,0,0
-34.89,1.89,29.19,0,0
-34.89,1.89,29.35,0,0
-34.89,2.00,29.44,0,0
-34.89,2.00,29.29,0,0
-34.89,2.32,29.24,0,0
-34.89,2.32,29.25,0,0
-34.89,2.53,29.37,0,0
-34.89,2.53,29.13,0,0
-34.89,2.74,29.42,0,0
-34.89,2.74,29.23,0,0
-34.89,2.95,29.13,0,0
-34.89,2.95,28.94,0,0
-34.89,3.17,28.96,0,0
-34.89,3.17,28.84,0,0
-34.89,3.27,28.67,0,0
-34.89,3.27,28.51,0,0
-34.89,3.27,28.44,0,0
-34.89,3.27,28.17,0,0
-34.89,3.49,28.02,0,0
-34.89,3.49,28.00,0,0
-34.89,3.38,27.67,0,0
-34.89,3.38,27.40,0,0
-34.89,3.59,27.46,0,0
-34.89,3.59,27.45,0,0
-34.89,3.70,27.33,0,0
-34.89,3.70,27.22,0,0
-34.89,3.81,27.11,0,0
-34.89,3.81,26.91,0,0
-34.89,3.91,26.89,0,0
-34.89,3.91,26.70,0,0
-34.89,4.02,26.79,0,0
-34.92,4.02,26.81,0,0
-34.92,3.81,26.64,0,0
-34.92,3.91,26.51,0,0
-34.92,3.91,26.53,0,0
-34.92,3.91,26.50,0,0
-34.92,4.02,26.70,0,0
-34.92,3.91,26.49,0,0
-34.92,3.91,26.56,0,0
-34.92,4.12,26.62,0,0
-34.92,4.12,26.31,0,0
-34.92,4.12,26.53,0,0
-34.92,3.91,26.57,0,0
-34.92,4.02,26.56,0,0
-34.92,4.02,26.57,0,0
-34.92,4.23,26.56,0,0
-34.92,4.23,26.81,0,0
-34.92,4.23,26.67,0,0
-34.92,4.23,26.83,0,0
-34.92,4.02,26.81,0,0
-34.92,4.02,26.69,0,0
-34.92,4.23,26.93,0,0
-34.92,4.23,26.98,0,0
-34.92,4.12,26.92,0,0
-34.92,4.12,27.15,0,0
-34.92,4.34,26.96,0,0
-34.92,4.34,27.10,0,0
-34.92,4.12,27.23,0,0
-34.92,4.12,27.20,0,0
-34.92,4.34,27.14,0,0
-34.92,4.34,27.34,0,0
-34.92,4.23,27.22,0,0
-34.92,4.23,27.42,0,0
-34.92,4.34,27.47,0,0
-34.92,4.34,27.43,0,0
-34.95,4.34,27.56,0,0
-34.95,4.34,27.56,0,0
-34.95,4.23,27.60,0,0
-34.95,4.23,27.63,0,0
-34.95,4.23,27.52,0,0
-34.95,4.23,27.53,0,0
-34.95,4.34,27.62,0,0
-34.95,4.34,27.63,0,0
-34.95,4.23,27.63,0,0
-34.95,4.23,27.65,0,0
-34.95,4.12,27.69,0,0
-34.95,4.12,27.50,0,0
-34.95,4.23,27.52,0,0
-34.95,4.23,27.52,0,0
-34.95,4.34,27.37,0,0
-34.95,4.34,27.35,0,0
-34.95,4.33,27.24,0,0
-34.95,4.33,27.28,0,0
-34.95,4.44,27.00,0,0
-34.95,4.44,26.91,0,0
-34.95,4.33,26.72,0,0
-34.95,4.33,26.74,0,0
-34.95,4.44,26.62,0,0
-34.95,4.44,26.49,0,0
-34.95,4.44,26.39,0,0
-34.95,4.44,26.30,0,0
-34.95,4.55,26.08,0,0
-34.95,4.55,26.08,0,0
-34.95,4.65,25.99,0,0
-34.95,4.65,25.79,0,0
-34.95,4.66,25.70,0,0
-34.95,4.66,25.72,0,0
-34.95,4.76,25.68,0,0
-34.95,4.76,25.40,0,0
-34.95,4.97,25.50,0,0
-34.95,4.97,25.44,0,0
-34.95,4.87,25.21,0,0
-34.95,4.87,25.23,0,0
-34.95,5.08,25.26,0,0
-34.95,5.08,25.24,0,0
-34.95,5.08,25.27,0,0
-34.95,5.08,25.18,0,0
-34.95,5.40,25.28,0,0
-34.97,5.61,25.37,0,0
-34.97,5.61,25.27,0,0
-34.97,5.61,25.45,0,0
-34.97,5.72,25.34,0,0
-34.97,5.72,25.42,0,0
-34.97,5.83,25.38,0,0
-34.97,6.04,25.35,0,0
-34.97,6.04,25.48,0,0
-34.97,6.04,25.65,0,0
-34.97,6.04,25.66,0,0
-34.97,6.25,25.75,0,0
-34.97,6.25,25.59,0,0
-34.97,6.25,25.76,0,0
-34.97,6.25,25.90,0,0
-34.97,6.46,26.05,0,0
-34.97,6.46,26.05,0,0
-34.97,6.57,26.07,0,0
-34.97,6.57,26.21,0,0
-34.97,6.57,26.30,0,0
-34.97,6.57,26.28,0,0
-34.97,6.68,26.18,0,0
-34.97,6.68,26.30,0,0
-34.97,6.57,26.11,0,0
-34.97,6.57,26.07,0,0
-34.97,6.68,26.16,0,0
-34.97,6.68,26.14,0,0
-34.97,6.78,26.05,0,0
-34.97,6.78,26.22,0,0
-34.97,6.99,25.95,0,0
-34.97,6.99,25.85,0,0
-34.97,6.78,25.98,0,0
-34.97,6.78,25.90,0,0
-34.97,7.00,25.98,0,0
-34.97,7.00,25.92,0,0
-34.97,7.10,25.74,0,0
-34.97,7.10,25.77,0,0
-34.97,7.10,25.74,0,0
-34.97,7.10,25.72,0,0
-34.97,7.10,25.63,0,0
-34.97,7.10,25.60,0,0
-34.99,7.31,25.73,0,0
-34.99,7.31,25.60,0,0
-34.99,7.42,25.69,0,0
-34.99,7.42,25.64,0,0
-34.99,7.42,25.67,0,0
-34.99,7.42,25.73,0,0
-34.99,7.63,25.72,0,0
-34.99,7.63,25.62,0,0
-34.99,7.53,25.75,0,0
-34.99,7.53,25.70,0,0
-34.99,7.63,25.65,0,0
-34.99,7.63,25.60,0,0
-34.99,7.74,25.58,0,0
-34.99,7.74,25.69,0,0
-34.99,7.63,25.64,0,0
-34.99,7.63,25.69,0,0
-34.99,7.74,25.60,0,0
-34.99,7.74,25.63,0,0
-34.99,7.85,25.64,0,0
-34.99,7.85,25.72,0,0
-34.99,7.63,25.57,0,0
-34.99,7.63,25.44,0,0
-34.99,7.53,25.50,0,0
-34.99,7.53,25.51,0,0
-34.99,7.42,25.53,0,0
-34.99,7.42,25.47,0,0
-34.99,7.42,25.54,0,0
-34.99,7.42,25.49,0,0
-34.99,7.21,25.59,0,0
-34.99,7.21,25.36,0,0
-34.99,7.10,25.37,0,0
-34.99,7.10,25.40,0,0
-34.99,7.10,25.31,0,0
-34.99,7.10,25.43,0,0
-34.99,6.89,25.36,0,0
-34.99,6.89,25.43,0,0
-34.99,6.89,25.40,0,0
-34.99,6.89,25.32,0,0
-34.99,6.78,25.39,0,0
-34.99,6.78,25.57,0,0
-34.99,6.57,25.44,0,0
-34.99,6.67,25.44,0,0
-34.99,6.67,25.44,0,0
-35.00,6.67,25.53,0,0
-35.00,6.57,25.70,0,0
-35.00,6.57,25.58,0,0
-35.00,6.57,25.68,0,0
-35.00,6.57,25.68,0,0
-35.00,6.57,25.71,0,0
-35.00,6.57,25.91,0,0
-35.00,6.57,25.85,0,0
-35.01,6.57,25.83,0,0
-35.01,6.57,25.90,0,0
-35.01,6.46,25.94,0,0
-35.01,6.46,26.05,0,0
-35.01,6.68,26.09,0,0
-35.01,6.68,26.02,0,0
-35.01,6.68,26.08,0,0
-35.01,6.68,26.09,0,0
-35.01,6.78,26.30,0,0
-35.01,6.78,26.18,0,0
-35.01,6.57,26.16,0,0
-35.01,6.57,26.29,0,0
-35.01,6.68,26.21,0,0
-35.01,6.68,26.20,0,0
-35.01,6.68,26.27,0,0
-35.01,6.68,26.14,0,0
-35.01,6.78,26.26,0,0
-35.01,6.78,26.19,0,0
-35.01,6.78,26.22,0,0
-35.01,6.78,26.21,0,0
-35.01,6.78,26.19,0,0
-35.01,6.78,26.12,0,0
-35.01,6.89,26.03,0,0
-35.01,6.89,25.91,0,0
-35.01,6.89,26.00,0,0
-35.01,6.89,25.96,0,0
-35.01,6.89,25.78,0,0
-35.01,6.89,25.80,0,0
-35.01,6.89,25.77,0,0
-35.01,6.89,25.64,0,0
-35.01,7.10,25.71,0,0
-35.01,7.10,25.70,0,0
-35.01,7.10,25.55,0,0
-35.01,7.10,25.36,0,0
-35.01,7.42,25.50,0,0
-35.01,7.42,25.47,0,0
-35.01,7.53,25.25,0,0
-35.01,7.53,25.27,0,0
-35.01,7.74,25.33,0,0
-35.01,7.74,25.11,0,0
-35.01,7.85,25.06,0,0
-35.01,7.85,25.08,0,0
-35.01,8.16,25.00,0,0
-35.01,8.16,24.88,0,0
-35.01,8.27,24.89,0,0
-35.01,8.27,24.67,0,0
-35.01,8.27,24.60,0,0
-35.01,8.27,24.62,0,0
-35.01,8.70,24.47,0,0
-35.01,8.70,24.29,0,0
-35.01,8.59,24.31,0,0
-35.01,8.59,24.04,0,0
-35.01,8.91,24.11,0,0
-35.01,8.91,24.13,0,0
-35.01,9.12,23.94,0,0
-35.01,9.12,23.75,0,0
-35.01,9.23,23.70,0,0
-35.01,9.23,23.38,0,0
-35.01,9.44,23.49,0,0
-35.01,9.44,23.32,0,0
-35.01,9.65,23.22,0,0
-35.01,9.65,23.11,0,0
-35.01,9.76,23.00,0,0
-35.01,9.76,23.03,0,0
-35.01,9.87,22.99,0,0
-35.01,9.97,22.95,0,0
-35.01,9.97,22.76,0,0
-35.01,9.97,22.91,0,0
-35.01,10.08,22.93,0,0
-35.01,10.19,22.95,0,0
-35.01,10.19,22.94,0,0
-35.01,10.29,22.92,0,0
-35.01,10.29,22.99,0,0
-35.01,10.29,23.09,0,0
-35.01,10.61,23.00,0,0
-35.01,10.82,23.11,0,0
-35.01,10.82,23.36,0,0
-35.01,10.83,23.25,0,0
-35.01,10.83,23.25,0,0
-35.01,11.14,23.35,0,0
-35.01,11.14,23.37,0,0
-35.01,11.25,23.46,0,0
-35.02,11.25,23.67,0,0
-35.02,11.25,23.42,0,0
-35.02,11.25,23.51,0,0
-35.02,11.36,23.70,0,0
-35.02,11.36,23.61,0,0
-35.02,11.25,23.86,0,0
-35.02,11.25,23.85,0,0
-35.02,11.46,23.75,0,0
-35.02,11.46,23.83,0,0
-35.02,11.36,23.76,0,0
-35.02,11.36,23.85,0,0
-35.02,11.36,23.74,0,0
-35.02,11.36,23.79,0,0
-35.02,11.46,23.89,0,0
-35.02,11.46,23.82,0,0
-35.02,11.46,23.71,0,0
-35.02,11.46,23.68,0,0
-35.02,11.36,23.76,0,0
-35.02,11.36,23.75,0,0
-35.02,11.57,23.70,0,0
-35.02,11.57,23.67,0,0
-35.02,11.25,23.64,0,0
-35.02,11.25,23.69,0,0
-35.02,11.25,23.58,0,0
-35.02,11.25,23.55,0,0
-35.02,11.25,23.59,0,0
-35.02,11.25,23.59,0,0
-35.02,11.14,23.37,0,0
-35.02,11.14,23.59,0,0
-35.03,11.04,23.47,0,0
-35.03,11.04,23.30,0,0
-35.03,10.93,23.17,0,0
-35.03,10.93,23.23,0,0
-35.03,10.93,23.13,0,0
-35.03,10.93,22.96,0,0
-35.03,10.93,22.84,0,0
-35.03,10.93,22.84,0,0
-35.03,10.82,22.76,0,0
-35.03,10.82,22.69,0,0
-35.03,10.72,22.60,0,0
-35.03,10.72,22.51,0,0
-35.03,10.72,22.61,0,0
-35.03,10.72,22.49,0,0
-35.03,10.61,22.47,0,0
-35.03,10.61,22.31,0,0
-35.03,10.72,22.48,0,0
-35.03,10.72,22.40,0,0
-35.03,10.50,22.35,0,0
-35.03,10.50,22.25,0,0
-35.03,10.50,22.17,0,0
-35.03,10.50,22.34,0,0
-35.03,10.72,22.35,0,0
-35.03,10.72,22.42,0,0
-35.03,10.61,22.27,0,0
-35.03,10.61,22.36,0,0
-35.03,10.61,22.48,0,0
-35.03,10.61,22.48,0,0
-35.03,10.72,22.55,0,0
-35.03,10.82,22.63,0,0
-35.03,10.82,22.70,0,0
-35.03,10.82,22.75,0,0
-35.03,10.72,22.81,0,0
-35.03,10.72,22.80,0,0
-35.03,10.61,22.97,0,0
-35.03,10.50,23.18,0,0
-35.04,10.50,23.07,0,0
-35.04,10.50,23.17,0,0
-35.04,10.72,23.40,0,0
-35.04,10.61,23.31,0,0
-35.04,10.61,23.46,0,0
-35.04,10.61,23.59,0,0
-35.04,10.61,23.63,0,0
-35.04,10.61,23.78,0,0
-35.04,10.61,23.60,0,0
-35.04,10.72,23.77,0,0
-35.04,10.72,24.02,0,0
-35.04,10.93,24.03,0,0
-35.04,10.93,24.11,0,0
-35.04,10.93,24.19,0,0
-35.04,10.93,24.27,0,0
-35.04,11.04,24.29,0,0
-35.04,11.04,24.30,0,0
-35.04,10.82,24.16,0,0
-35.04,10.82,24.16,0,0
-35.04,10.82,24.30,0,0
-35.04,10.82,24.45,0,0
-35.04,10.82,24.24,0,0
-35.04,10.82,24.37,0,0
-35.04,10.93,24.36,0,0
-35.04,10.93,24.02,0,0
-35.04,11.14,23.83,0,0
-35.04,11.14,24.01,0,0
-35.04,11.14,23.89,0,0
-35.04,11.14,23.66,0,0
-35.04,11.36,23.41,0,0
-35.04,11.36,23.55,0,0
-35.04,11.46,23.53,0,0
-35.04,11.46,23.21,0,0
-35.04,11.67,22.98,0,0
-35.04,11.67,22.95,0,0
-35.04,11.78,22.91,0,0
-35.04,11.78,22.72,0,0
-35.04,11.89,22.68,0,0
-35.04,11.89,22.58,0,0
-35.04,12.10,22.45,0,0
-35.04,12.10,22.33,0,0
-35.04,12.31,22.33,0,0
-35.04,12.31,21.95,0,0
-35.04,12.42,21.89,0,0
-35.04,12.42,21.82,0,0
-35.04,12.63,21.87,0,0
-35.04,12.63,21.73,0,0
-35.04,12.74,21.70,0,0
-35.04,12.74,21.46,0,0
-35.04,12.95,21.69,0,0
-35.04,12.95,21.59,0,0
-35.04,13.16,21.57,0,0
-35.04,13.16,21.47,0,0
-35.04,13.38,21.48,0,0
-35.04,13.38,21.61,0,0
-35.04,13.48,21.55,0,0
-35.04,13.48,21.47,0,0
-35.04,13.80,21.45,0,0
-35.04,13.80,21.43,0,0
-35.04,13.91,21.46,0,0
-35.04,13.91,21.45,0,0
-35.04,14.12,21.55,0,0
-35.04,14.12,21.62,0,0
-35.04,14.02,21.56,0,0
-35.04,14.02,21.53,0,0
-35.04,14.12,21.45,0,0
-35.04,14.12,21.54,0,0
-35.04,14.34,21.61,0,0
-35.04,14.34,21.64,0,0
-35.04,14.23,21.67,0,0
-35.04,14.23,21.63,0,0
-35.04,14.44,21.78,0,0
-35.04,14.44,21.67,0,0
-35.04,14.44,21.57,0,0
-35.04,14.55,21.70,0,0
-35.04,14.55,21.55,0,0
-35.04,14.55,21.72,0,0
-35.04,14.44,21.69,0,0
-35.04,14.65,21.75,0,0
-35.04,14.65,21.57,0,0
-35.04,14.76,21.55,0,0
-35.04,14.76,21.55,0,0
-35.04,14.76,21.43,0,0
-35.04,14.65,21.45,0,0
-35.04,14.76,21.62,0,0
-35.04,14.76,21.49,0,0
-35.04,14.87,21.38,0,0
-35.04,14.87,21.40,0,0
-35.04,14.97,21.31,0,0
-35.04,14.97,21.29,0,0
-35.04,15.08,21.26,0,0
-35.04,15.08,21.22,0,0
-35.04,15.19,21.13,0,0
-35.04,15.19,20.97,0,0
-35.04,15.40,20.90,0,0
-35.04,15.40,20.81,0,0
-35.04,15.29,20.76,0,0
-35.04,15.29,20.70,0,0
-35.04,15.51,20.60,0,0
-35.04,15.51,20.46,0,0
-35.04,15.40,20.19,0,0
-35.04,15.40,20.34,0,0
-35.04,15.40,20.03,0,0
-35.04,15.40,20.19,0,0
-35.04,15.50,20.10,0,0
-35.04,15.50,19.98,0,0
-35.04,15.51,19.80,0,0
-35.04,15.51,19.74,0,0
-35.04,15.51,19.63,0,0
-35.04,15.51,19.63,0,0
-35.04,15.40,19.29,0,0
-35.04,15.40,19.16,0,0
-35.04,15.61,19.29,0,0
-35.04,15.61,19.26,0,0
-35.04,15.61,19.16,0,0
-35.04,15.61,19.09,0,0
-35.04,15.50,19.07,0,0
-35.04,15.50,19.07,0,0
-35.04,15.40,19.10,0,0
-35.04,15.40,19.09,0,0
-35.04,15.19,19.05,0,0
-35.04,15.19,19.23,0,0
-35.04,15.29,19.19,0,0
-35.05,15.29,19.22,0,0
-35.05,15.19,19.35,0,0
-35.05,15.19,19.49,0,0
-35.05,15.08,19.40,0,0
-35.05,15.08,19.55,0,0
-35.05,15.19,19.61,0,0
-35.05,15.19,19.89,0,0
-35.05,15.19,19.81,0,0
-35.05,15.19,20.00,0,0
-35.05,15.29,20.19,0,0
-35.05,15.29,20.44,0,0
-35.05,15.19,20.61,0,0
-35.05,15.19,20.63,0,0
-35.05,15.29,20.65,0,0
-35.05,15.29,20.88,0,0
-35.05,15.19,20.96,0,0
-35.05,15.19,21.23,0,0
-35.05,15.08,21.50,0,0
-35.05,15.08,21.49,0,0
-35.05,14.87,21.50,0,0
-35.05,14.87,21.76,0,0
-35.05,14.97,21.73,0,0
-35.05,14.97,21.75,0,0
-35.05,15.18,21.90,0,0
-35.05,15.18,22.08,0,0
-35.05,14.97,22.18,0,0
-35.05,15.18,22.15,0,0
-35.05,15.18,21.96,0,0
-35.05,15.18,22.04,0,0
-35.05,15.18,22.08,0,0
-35.05,15.18,22.01,0,0
-35.05,15.18,21.73,0,0
-35.05,15.18,21.87,0,0
-35.05,15.18,21.91,0,0
-35.05,15.18,21.86,0,0
-35.05,15.18,21.62,0,0
-35.05,15.29,21.54,0,0
-35.05,15.29,21.61,0,0
-35.05,15.08,21.41,0,0
-35.05,15.08,21.43,0,0
-35.05,15.18,21.13,0,0
-35.05,15.18,21.22,0,0
-35.05,15.18,21.16,0,0
-35.05,15.18,21.03,0,0
-35.05,15.40,20.93,0,0
-35.05,15.40,20.97,0,0
-35.05,15.50,20.71,0,0
-35.05,15.50,20.79,0,0
-35.05,15.72,20.83,0,0
-35.05,15.72,20.73,0,0
-35.05,16.04,20.67,0,0
-35.05,16.04,20.61,0,0
-35.05,16.04,20.72,0,0
-35.05,16.04,20.57,0,0
-35.05,16.35,20.58,0,0
-35.05,16.35,20.48,0,0
-35.05,16.46,20.47,0,0
-35.05,16.46,20.42,0,0
-35.05,16.57,20.48,0,0
-35.05,16.57,20.27,0,0
-35.05,16.78,20.18,0,0
-35.05,16.78,20.24,0,0
-35.05,16.78,20.15,0,0
-35.05,16.78,20.04,0,0
-35.05,16.99,20.00,0,0
-35.05,16.99,19.90,0,0
-35.05,16.99,19.96,0,0
-35.05,16.99,19.85,0,0
-35.05,17.10,19.75,0,0
-35.05,17.10,19.59,0,0
-35.05,17.10,19.66,0,0
-35.05,17.10,19.72,0,0
-35.05,17.31,19.52,0,0
-35.05,17.31,19.47,0,0
-35.05,17.42,19.34,0,0
-35.05,17.42,19.41,0,0
-35.05,17.53,19.47,0,0
-35.05,17.53,19.26,0,0
-35.05,17.53,19.24,0,0
-35.05,17.53,19.48,0,0
-35.05,17.63,19.23,0,0
-35.05,17.63,19.20,0,0
-35.05,17.84,19.22,0,0
-35.05,17.84,19.24,0,0
-35.05,17.74,19.15,0,0
-35.05,17.74,18.96,0,0
-35.05,17.84,18.92,0,0
-35.05,17.84,19.00,0,0
-35.05,17.84,18.92,0,0
-35.05,17.84,18.80,0,0
-35.05,17.95,18.66,0,0
-35.05,17.95,18.62,0,0
-35.05,18.16,18.59,0,0
-35.05,18.16,18.57,0,0
-35.05,18.16,18.59,0,0
-35.05,18.16,18.55,0,0
-35.05,18.38,18.52,0,0
-35.05,18.38,18.38,0,0
-35.05,18.48,18.51,0,0
-35.05,18.48,18.53,0,0
-35.05,18.48,18.34,0,0
-35.05,18.48,18.28,0,0
-35.05,18.59,18.20,0,0
-35.05,18.59,18.19,0,0
-35.05,18.80,18.38,0,0
-35.05,18.80,18.15,0,0
-35.05,18.70,18.21,0,0
-35.05,18.80,18.02,0,0
-35.05,18.80,18.13,0,0
-35.05,18.80,18.14,0,0
-35.05,18.80,17.96,0,0
-35.05,19.02,18.08,0,0
-35.05,19.02,18.14,0,0
-35.05,19.02,18.22,0,0
-35.05,19.02,18.10,0,0
-35.05,19.02,18.29,0,0
-35.05,19.23,18.03,0,0
-35.05,19.12,18.11,0,0
-35.05,19.12,18.19,0,0
-35.05,19.23,18.21,0,0
-35.05,19.23,18.32,0,0
-35.05,19.02,18.40,0,0
-35.05,19.02,18.31,0,0
-35.05,19.02,18.31,0,0
-35.05,19.02,18.51,0,0
-35.05,18.80,18.44,0,0
-35.05,18.80,18.67,0,0
-35.05,18.91,18.80,0,0
-35.05,18.91,18.68,0,0
-35.05,18.80,18.73,0,0
-35.05,18.80,18.80,0,0
-35.05,18.70,18.80,0,0
-35.05,18.70,18.87,0,0
-35.05,18.70,19.01,0,0
-35.05,18.70,19.03,0,0
-35.05,18.59,18.91,0,0
-35.05,18.59,19.06,0,0
-35.05,18.48,19.12,0,0
-35.05,18.48,18.92,0,0
-35.05,18.38,19.05,0,0
-35.05,18.38,18.98,0,0
-35.05,18.59,19.20,0,0
-35.05,18.59,19.09,0,0
-35.05,18.38,19.16,0,0
-35.05,18.38,19.01,0,0
-35.05,18.38,19.02,0,0
-35.05,18.38,19.04,0,0
-35.05,18.27,19.03,0,0
-35.05,18.27,18.89,0,0
-35.05,18.27,18.76,0,0
-35.05,18.27,18.89,0,0
-35.05,18.27,18.97,0,0
-35.05,18.27,18.86,0,0
-35.05,18.27,18.78,0,0
-35.05,18.27,18.64,0,0
-35.05,18.38,18.69,0,0
-35.05,18.38,18.65,0,0
-35.06,18.48,18.63,0,0
-35.06,18.48,18.55,0,0
-35.06,18.59,18.63,0,0
-35.06,18.59,18.65,0,0
-35.06,18.80,18.72,0,0
-35.06,18.80,18.73,0,0
-35.06,18.80,18.68,0,0
-35.06,18.80,18.68,0,0
-35.06,18.80,18.59,0,0
-35.06,18.80,18.71,0,0
-35.06,18.91,18.91,0,0
-35.06,18.91,18.79,0,0
-35.06,19.12,18.67,0,0
-35.06,19.12,18.78,0,0
-35.06,19.01,19.03,0,0
-35.06,19.01,18.96,0,0
-35.06,19.12,19.08,0,0
-35.06,19.12,19.07,0,0
-35.06,19.33,19.08,0,0
-35.06,19.33,19.00,0,0
-35.06,19.44,19.22,0,0
-35.06,19.44,19.13,0,0
-35.06,19.44,19.19,0,0
-35.06,19.44,19.33,0,0
-35.06,19.44,19.21,0,0
-35.06,19.44,19.23,0,0
-35.06,19.44,19.14,0,0
-35.06,19.44,19.17,0,0
-35.06,19.55,19.36,0,0
-35.06,19.55,19.11,0,0
-35.06,19.76,19.10,0,0
-35.06,19.87,19.25,0,0
-35.06,19.87,19.11,0,0
-35.06,19.87,18.94,0,0
-35.06,19.97,19.17,0,0
-35.06,20.08,19.15,0,0
-35.06,20.08,19.18,0,0
-35.06,19.97,18.84,0,0
-35.06,19.97,19.02,0,0
-35.06,20.18,18.81,0,0
-35.06,20.18,18.73,0,0
-35.06,20.18,18.83,0,0
-35.06,20.18,18.46,0,0
-35.06,20.29,18.57,0,0
-35.06,20.29,18.41,0,0
-35.06,20.29,18.37,0,0
-35.06,20.29,18.34,0,0
-35.06,20.40,18.37,0,0
-35.06,20.40,18.16,0,0
-35.06,20.40,17.94,0,0
-35.06,20.40,17.96,0,0
-35.06,20.72,17.89,0,0
-35.06,20.72,17.67,0,0
-35.06,20.72,17.57,0,0
-35.06,20.72,17.46,0,0
-35.06,20.72,17.24,0,0
-35.06,20.72,17.13,0,0
-35.06,20.93,17.14,0,0
-35.06,20.93,16.97,0,0
-35.06,21.04,16.88,0,0
-35.06,21.04,16.69,0,0
-35.06,21.25,16.66,0,0
-35.06,21.25,16.61,0,0
-35.06,21.04,16.39,0,0
-35.06,21.04,16.36,0,0
-35.06,21.25,16.24,0,0
-35.06,21.25,16.35,0,0
-35.06,21.04,16.18,0,0
-35.06,21.04,16.04,0,0
-35.06,21.25,15.92,0,0
-35.06,21.25,15.96,0,0
-35.06,21.25,15.94,0,0
-35.06,21.25,16.01,0,0
-35.06,21.25,15.85,0,0
-35.06,21.25,16.00,0,0
-35.06,21.14,15.84,0,0
-35.06,21.14,15.74,0,0
-35.06,20.93,15.85,0,0
-35.06,20.93,15.95,0,0
-35.06,20.82,16.22,0,0
-35.06,20.82,16.17,0,0
-35.06,20.61,16.23,0,0
-35.06,20.61,16.28,0,0
-35.06,20.61,16.32,0,0
-35.06,20.61,16.54,0,0
-35.06,20.72,16.49,0,0
-35.06,20.72,16.48,0,0
-35.06,20.61,16.76,0,0
-35.06,20.61,17.00,0,0
-35.06,20.61,16.93,0,0
-35.06,20.61,17.09,0,0
-35.06,20.61,17.21,0,0
-35.06,20.61,17.30,0,0
-35.06,20.51,17.50,0,0
-35.06,20.51,17.75,0,0
-35.06,20.51,17.88,0,0
-35.06,20.51,17.85,0,0
-35.06,20.29,17.90,0,0
-35.06,20.29,18.22,0,0
-35.06,20.29,18.42,0,0
-35.06,19.87,18.52,0,0
-35.06,19.87,18.61,0,0
-35.06,19.87,18.53,0,0
-35.06,19.87,18.56,0,0
-35.06,19.87,18.75,0,0
-35.06,19.55,18.90,0,0
-35.06,19.55,18.75,0,0
-35.06,19.55,18.82,0,0
-35.06,19.55,18.92,0,0
-35.06,19.33,18.95,0,0
-35.06,19.34,19.01,0,0
-35.06,19.34,19.09,0,0
-35.06,19.33,19.13,0,0
-35.06,19.33,18.88,0,0
-35.06,19.33,19.06,0,0
-35.06,19.23,19.05,0,0
-35.06,19.23,19.06,0,0
-35.06,19.23,19.01,0,0
-35.06,19.23,19.0
